dataset,periodo,zip_name,txt_name,docx_name,zip_sha256,txt_sha256,docx_sha256,schema_signature,schema_version,record_length,field_count,schema_drift
defunciones,2026-abril-01_02,def_abril2026_01_02.zip,MOVWEBDEF.txt,DC-Web-Def_02 abr 2026.docx,ae56335eb5cd9d2046f34dc281e8b9d3d9cfff148aa3f35315bf279ec7056d6d,c81ef4e6717d5afc61448ac6b17aaf17b23c16bba8334ca6f29812dc1f53396b,f5d320a77a3251f3c19f2080421947e8d986a0961974585391c0aa77ead0d434,18a8912c3b4fa233,DEF-S01,191,12,NO
defunciones,2026-abril-03_09,def_abril2026_03_09.zip,MOVWEBDEF.txt,DC-Web-Def_09 abr 2026.docx,c6d175a98b8317a123dbb28f4d794a44b509935d111f3628f1fec7a5c1ef2dab,bcaba9ecf641e00f65659ee88096d95bc19a723b15ec72680b2f78efe156ca70,315f912c26c15909ea850f86941ccafb27f17cf195a45d3719d1c883f472a6b4,18a8912c3b4fa233,DEF-S01,191,12,NO
defunciones,2026-abril-10_16,def_abril2026_10_16.zip,MOVWEBDEF.txt,DC-Web-Def_16 abr 2026.docx,2d9e15201e894d43ea1fe15b98fd8a8462c96b68863643c60f88bbb984922dbd,ce9f46ef297b911c0f7d2f7c24cc9ff632cfed3a79fcadac373a669a766656eb,23b98ace866fdbb98dfe8972adeb4f3db31f842de7083407ae2274bc522afbe5,18a8912c3b4fa233,DEF-S01,191,12,NO
defunciones,2026-abril-17_23,def_abril2026_17_23.zip,MOVWEBDEF.txt,DC-Web-Def_23 abr 2026.docx,05fe14a952ba47c813a915752b19c85d27d8bd6ed89d43c4e8e7c98fc8c7e5d6,bc0799187431520d50c8417d19685a3a3137319e371b6c5fb302fe5db529100f,cd5d73b40bfd65f3d165d919db969f635baaca05359a39a635a0fd1811861246,18a8912c3b4fa233,DEF-S01,191,12,NO
defunciones,2026-abril-24_30,def_abril2026_24_30.zip,MOVWEBDEF.txt,DC-Web-Def_30 Abril 2026.docx,d1f33106e7b66839ce9a5972c190870ecf4dfe311dd8a321cac4f94d1996a0e3,85fe3f144f8b3a1950d29c00c371d2462adc8f602d4067c2e85e033235fd1db4,630648dea765fdf65241b5346a67192447649035fe41451e97c16a9a6f6b5d08,18a8912c3b4fa233,DEF-S01,191,12,NO
defunciones,2026-agosto-01_06,def_agosto2026_01_06.zip,MOVWEBDEF.txt,DC-Web-Def_06 AGO 2026.docx,d833373e5140e7716c21707aaf9f03b4bbc46008e0e7da6c5f3af4a029b7311a,88f77decd7507715634fef7a805d44e9a1cc8382bd8c6224cff93ba7a2f3859b,70ed707038f706a228aa8f79e33fb300ec708867a359564576c2987c0ffa8a7f,18a8912c3b4fa233,DEF-S01,191,12,NO
defunciones,2026-febrero-01_05,def_febrero2026_01_05.zip,MOVWEBDEF.txt,DC-Web-Def_05 feb 2026.docx,483f50f0ddeb3950a217588a02589713545bafada92bf5ffc3a7e871b2e9419c,b5b318c10b9c3d8e08a9fcc2058e6fff2b9609f9ddb9376aec52d2e8cb5c7966,08571bc8aed48dd1a4af39dcb7fa948ff425691ca970ebd61a4654df413829ae,18a8912c3b4fa233,DEF-S01,191,12,NO
defunciones,2026-febrero-06_12,def_febrero2026_06_12.zip,MOVWEBDEF.txt,DC-Web-Def_12 feb 2026.docx,e98b8d26ebb9152697cd080f4d7fb1707b3ce678165522ca0641101f9b2db91f,0c308023d34afa633b0f1e5c571706add2c80f765f140f0b1d7f708e4df95ce1,4ec7375d00de76f4aa2b5805b82a21d73d4ff62b8d8a78dc3dac388d274cc61d,18a8912c3b4fa233,DEF-S01,191,12,NO
defunciones,2026-febrero-13_19,def_febrero2026_13_19.zip,MOVWEBDEF.txt,DC-Web-Def_19 feb 2026.docx,6bf75a1fb5fc4cf1216574176759e5c3dbd6ead097aaa45cf29bb7b1fb174561,fe5e76d1ca920aa5e55d0650b7c0746882f57dc243148dddb380db83a8ffcd8f,280125caf704ec52f60f3feb851020f1d094489320cd10563e308a4c39c50338,18a8912c3b4fa233,DEF-S01,191,12,NO
defunciones,2026-febrero-20_26,def_febrero2026_20_26.zip,MOVWEBDEF.txt,DC-Web-Def_26 feb 2026.docx,ca99b9bf41da268a883baa525cd3ddc1aebbe0dc0edd76b04b0d1c6001a43151,a4a8d2f5fd5ecd82c77c590a9fb4afd871c810b0947e31e02bb5bd6600658e84,826e944699ca84ddc826b0d6a06809c096870a96aaed139057f7205d74940e3f,18a8912c3b4fa233,DEF-S01,191,12,NO
defunciones,2026-febrero-27_28,def_febrero2026_27_28.zip,MOVWEBDEF.txt,DC-Web-Def_28 feb 2026.docx,265e5b7184d79cf86569965704e425b82907fb1b80e97aa7205c50aa3cc1b650,b367c3568c60edbf48b7ab3e4a238940cd5c6e7651beb934c8f5891a11415cb8,ee60d1effd2767d6d3e8116a4666169ce0abf76f9ba87d7edf92bd62bbb78774,18a8912c3b4fa233,DEF-S01,191,12,NO
defunciones,2026-julio-01_02,def_julio2026_01_02.zip,MOVWEBDEF.txt,DC-Web-Def_02 JUL 2026.docx,ecee4aa4fe6aa48b2073f8c5ba82613ec2619ff460a6ef1290268fede1fb72ed,d7c0178fbbbba6de300401ba289d1b9695955bc70292a741a2c234c47efc6ba8,db3d75ca76cce1e1cc5ea3abe99c5dbc0e4cbad14a62cd3e4acdd64c347b0f90,18a8912c3b4fa233,DEF-S01,191,12,NO
defunciones,2026-julio-03_09,def_julio2026_03_09.zip,MOVWEBDEF.txt,DC-Web-Def_09 JULIO 2026.docx,a5dc2bdba66de8ada74fae0e86db63df6237f3d1d94e0e0e40d0d7a6b6cdafb9,43db2c758f3cb88d12a1c2f4e0c35bd298be114af8a08388a5d0fb46df934984,d97fd380cd40a295e2c70e4907f3c2b8ca0c99d30e30ea88b711929198c95b65,18a8912c3b4fa233,DEF-S01,191,12,NO
defunciones,2026-julio-10_16,def_julio2026_10_16.zip,MOVWEBDEF.txt,DC-Web-Def_16 JULIO 2026.docx,e9f4e5cd2d6e7f7405313401599d73b0675061bc1169f2e2683500639d4f209e,7c7c91bbb02efac9e89cca1686483adb9bf8cdf80eb25f3a7e77e0eaf5208eb0,4eefb4a0835f29790bf47158d28ba8036051aa94137a9d764b431479ed5de924,18a8912c3b4fa233,DEF-S01,191,12,NO
defunciones,2026-julio-17_23,def_julio2026_17_23.zip,MOVWEBDEF.txt,DC-Web-Def_23 JULIO 2026.docx,58ccb9a6fa1ec5865ccdc4e249f0941c40c26f979a01daf882e97a609e465e81,7d8cd66467aa769e4f47c0bca27889eac159ee7e0d1941b68de94e77d3799dcd,a1e9fa4047237b5f9f612f116bcb2b14eb68da500691de459924abf2d6ecb0af,18a8912c3b4fa233,DEF-S01,191,12,NO
defunciones,2026-julio-24_31,def_julio2026_24_31.zip,MOVWEBDEF.txt,DC-Web-Def_31 JUL 2026.docx,d91660767cbe518b4c6f4b1106502462ee2d6c6f9925ef12a94e8d7b17f4537f,6afd0ee986c49843a3435d4f3149d1d5dc153ffc754dc926c64f3176ad13371f,e5bb73914e022da093baa59e8f42bd2d0308c1533fd68e539ab5fca9dcf0699a,18a8912c3b4fa233,DEF-S01,191,12,NO
defunciones,2026-junio-01_04,def_junio2026_01_04.zip,MOVWEBDEF.txt,DC-Web-Def_04 JUN 2026.docx,d350119bee3356ca5cf7cf449e5ee80a35ee8070ccdfea6421f9ef2c9ad2ae90,a9d24f186b0b6da5a3bb0e4f2888b992ba511ab6b5cf0b2bac4af232946b93e0,d3aa0211d11e23a2806e01b6983a03283b4e4d617db3b4cff602e76eaa2ea256,18a8912c3b4fa233,DEF-S01,191,12,NO
defunciones,2026-junio-05_11,def_junio2026_05_11.zip,MOVWEBDEF.txt,DC-Web-Def_11 JUN 2026.docx,f4a701b59429c1af4f6c4c0c380ebdb7c333b2d5e569c4e94edc9348eb505c82,713cc227f47694b725b26e87b3946935bf658a97115727f3881f40b1bcc6847c,53597f267f08a7a91e1a9fec862c369ec651581dd3e643e6a0e8da9d38824498,18a8912c3b4fa233,DEF-S01,191,12,NO
defunciones,2026-junio-12_18,def_junio2026_12_18.zip,MOVWEBDEF.txt,DC-Web-Def_18 JUN 2026.docx,6a4e24bdb459151a265f252a7d03be6bd3ed0c012069bb3289487536d1024fcc,a9e5450b3851fad11361e1b729526d48a05bf2380cb613defda7e64700e305b2,67a4ba70f1abbcd84d016d0dac12b231320922bc5d0bb13bb68f06b1d67056b0,18a8912c3b4fa233,DEF-S01,191,12,NO
defunciones,2026-junio-19_25,def_junio2026_19_25.zip,MOVWEBDEF.txt,DC-Web-Def_25 JUN 2026.docx,9531a9831a41691ca4225b182c152a5b36439721dce14471d2fd34deb1329e0a,2346e5283a9658ef821c39767fb8e66365e46cb44e5be8b068625043f78b783e,a9d5e5858a5a6f66c32e1747ebb41391d9de9a8ecbddefcea1b2c46a008de151,18a8912c3b4fa233,DEF-S01,191,12,NO
defunciones,2026-junio-26_30,def_junio2026_26_30.zip,MOVWEBDEF.txt,DC-Web-Def_30 JUN 2026.docx,c18c5b141537715466a44dc5b9ed31fa37ac48fe319dbbc1e079f76e08ac9deb,192dc19608598aee188013ee6ce6742e50f0a062b27589c5633d2f7aad0235a6,8329b95db2913039d1b80f3071ed73d0355a873df62502911279845617b1bb4a,18a8912c3b4fa233,DEF-S01,191,12,NO
defunciones,2026-marzo-01_05,def_marzo2026_01_05.zip,MOVWEBDEF.txt,DC-Web-Def_05 Mar 2026.docx,ae8ee27e04c49f3d0a16b9a3d03165873dffa0656e15ead443e312044643dc6f,e8162cff323aff2c5a68cff94066bfa4b23df8c57e7fe8046870e681c60c2fd3,8a63f0ff735b82a67480d3983a2ff703533a77a8691ee309adc8e6a221cdd820,18a8912c3b4fa233,DEF-S01,191,12,NO
defunciones,2026-marzo-06_12,def_marzo2026_06_12.zip,MOVWEBDEF.txt,DC-Web-Def_12 mar 2026.docx,28af490c7440d68b8a42925982f5c74dcbccd78e66c1c08eac30e71451e19fda,16e42e24c1347b5c53f0e1ad043f68c782d5a60ceafff8e2586347a4edf433f9,c2d7481aaa7ed4274af8ac8916df55944a679ee2a0173ce60b1e68d43b7f6774,18a8912c3b4fa233,DEF-S01,191,12,NO
defunciones,2026-marzo-13_19,def_marzo2026_13_19.zip,MOVWEBDEF.txt,DC-Web-Def_19 mar 2026.docx,2319535b9dcd662b4062a42b2f9f6d4b9fd155224a83bdbc71720dc5329f6cc4,eafd0e9557ca77c2bf352c9859d9c5ecb57b0349c692340291009051d24c9cf8,cb225b381e402cdc359dd1d434edd33f0dd6340da8890fa9359e802389633df7,18a8912c3b4fa233,DEF-S01,191,12,NO
defunciones,2026-marzo-20_26,def_marzo2026_20_26.zip,MOVWEBDEF.txt,DC-Web-Def_26 mar 2026.docx,182751c4b824d827db7647176a3512b0d4de569b88396754d761d0ece5a42772,8f77f3015f8c8ff71d1cbb63ce34237c2a80bc53967d55cfee456bfb7c6d3b47,5f38ae7933e73f18ceed2cc03f74b85378dc69e119ef97d194b4abc23005b786,18a8912c3b4fa233,DEF-S01,191,12,NO
defunciones,2026-marzo-27_31,def_marzo2026_27_31.zip,MOVWEBDEF.txt,DC-Web-Def_31 mar 2026.docx,e94896134d2469f725286facd126103c87cf110ae563c0e6e7b710442600f5b9,69e06e2665458775dd149e289e655df86571a92006cc794f31df1c331255495d,e832a7a689204f8991a5ef8ef4471eeb5de1c9379124b9ebb374ccb67bab9798,18a8912c3b4fa233,DEF-S01,191,12,NO
defunciones,2026-mayo-01_07,def_mayo2026_01_07.zip,MOVWEBDEF.txt,DC-Web-Def_07 Mayo 2026.docx,399b52bca2649394fdc71eb85c349b0a208827abcb035e867aad550662d8c53a,8a18feb7c58f35fb6d2819c7cc8296e94c002000bb689a1e2698ed0dea7a6499,c27089b3f2ddc1781c4a47ddf29c8a2dd52e9203b2c2121584163002edc74870,18a8912c3b4fa233,DEF-S01,191,12,NO
defunciones,2026-mayo-08_14,def_mayo2026_08_14.zip,MOVWEBDEF.txt,DC-Web-Def_14 MAY 2026.docx,55141c9ed3d78b82b9a0748b63492dae057c7fdda2f861ca2dc0df1f08ad53ca,34aa26b3950214b5d3f87d1231fa3c89d3d6f98d5d0adf2059b79f7ae69cf7fc,d68c157c35cb464bd6ae041724f0cd8817148b294f8349df3697172a8ee5bcde,18a8912c3b4fa233,DEF-S01,191,12,NO
defunciones,2026-mayo-15_21,def_mayo2026_15_21.zip,MOVWEBDEF.txt,DC-Web-Def_21 MAY 2026.docx,dcc7d7cf4a606188d9386e0f6b12d93772c9f4a3f350e40f27cdcbea1cae7720,745af10ecfb447bc2c7e66c7aaf1be5f864fb2a1bf8ed688505cecea4462bbae,aa870b08e52d9fd04236ec45eb200b5966a818e08e7becc4d2d5d737e2fe11d4,18a8912c3b4fa233,DEF-S01,191,12,NO
defunciones,2026-mayo-22_28,def_mayo2026_22_28.zip,MOVWEBDEF.txt,DC-Web-Def_28 MAY 2026.docx,f20945fd95d887f58c9a72fa38ec42ffb4cd43392700925ff9c4eb8b0fcfb013,6287a3908d40deb64530f3bcfe3fa1216829e5823c778ef3375a9237308adef2,253fa997b514c0462f326df900e67612d9eaf5e70dd4df3e8c762e7438edee52,18a8912c3b4fa233,DEF-S01,191,12,NO
defunciones,2026-mayo-29_31,def_mayo2026_29_31.zip,MOVWEBDEF.txt,DC-Web-Def_31 MAY 2026.docx,3e844db948d1ddcbc9e82c93e1fbd91c7802577b357ec919f55b6cd9ce140335,840466fbd9e65d0b2811d67d4d2f85f0ed9deb23962ff46514087bab54beb995,1cb9a798fa6c154089f24156ece7fa180ad6846f694a4a870ec63b4b03b333f7,18a8912c3b4fa233,DEF-S01,191,12,NO
matrimonios,2026-abril-01_02,mat_abril2026_01_02.zip,MOVWEBMAT.txt,DC-Web-Mat_02 abr 2026.docx,87d0eeeef2d54b7bc2828f879727ca09b4c2a0b664798c314f8a57d8667745ed,0ccbc14bfd6dd39a23358f8efbd4c26b9492d8e29926e8b06ac3906ebfaff100,ac7b3d8110ceb493dbb476281ba1bc80d85008eb2cb720fbe4c9d8771ee700ab,092fe259301b271e,MAT-S01,328,16,NO
matrimonios,2026-abril-03_09,mat_abril2026_03_09.zip,MOVWEBMAT.txt,DC-Web-Mat_09 abr 2026.docx,677e8975edd5268f3f6fc308c78466cdec16e001b651e4bdd3d15ea859dac368,e163844baace640a6378b6b05e548da95fa2452581933c1ec8a98a68ff52a119,f973f89ca47077437d4c693e628c1d13e40e30e585ddbd74de4cdaf034fde665,092fe259301b271e,MAT-S01,328,16,NO
matrimonios,2026-abril-10_16,mat_abril2026_10_16.zip,MOVWEBMAT.txt,DC-Web-Mat_16 abr 2026.docx,46bdabe1730779afd660be96bf1eed9942fce695a7f69faa22fa4f76874cdb20,8d081a6a38ae8c8389389b99fdd0491a56a24dac70d889507cb0755cb896dd9e,5af5cc91788e64da6db96cd18eb9e45cc1ba0a82c62b1c0fbd2650871a5808af,092fe259301b271e,MAT-S01,328,16,NO
matrimonios,2026-abril-17_23,mat_abril2026_17_23.zip,MOVWEBMAT.txt,DC-Web-Mat_23 abr 2026.docx,b7f00646402324c2dbddb219255267d3843d2564ccc74d14782ea6eb2a6297ec,6c175ce41307c9b427fa2971e30dd8b00fb05817a604530d00810362fddd4930,b79b85d5d57eaa9b079057dc655331556bd1fe72fbfcebd6c42ad347fca578f5,092fe259301b271e,MAT-S01,328,16,NO
matrimonios,2026-abril-24_30,mat_abril2026_24_30.zip,MOVWEBMAT.txt,DC-Web-Mat_30 Abril 2026.docx,aac205c7c13bd824d4b3f4d989855e77c57125d07a1f25e14e6e2ad5528f77ad,da1b80ff6717e7ba085dcd2f11189991ab64af119b6ce86643607bce7d662792,a961a365179cf231073174305633435effa6d63a6dfc1b4218513064acc62773,092fe259301b271e,MAT-S01,328,16,NO
matrimonios,2026-agosto-01_06,mat_agosto2026_01_06.zip,MOVWEBMAT.txt,DC-Web-Mat_06 AGO 2026.docx,003a4865c9d1a5f9905fb1b81b807fa88e69e45cf6873dc95302aae104c160ed,2d41a025971c8c70fdb6907a5ceba5e448585bdcdc1fc6ff884f61c09962affe,76002148b494e816414b1d48bbccc33432c3ab43da3a79f95bdb4ed6c4d58b76,092fe259301b271e,MAT-S01,328,16,NO
matrimonios,2026-febrero-01_05,mat_febrero2026_01_05.zip,MOVWEBMAT.txt,DC-Web-Mat_05 feb 2026.docx,b98f9dc1cf938bdd2c5b1cee3671f29bc28ef1575835fd2a9cdf30bfd25e1497,94438556653b0bdee48566e453eccf533ca3d5c958d2638c83a7ce52d926321e,e83ca27d9ef5a2b3c08d4186da1e9e3a390b1ef418961e2253a74d7366eda8cd,092fe259301b271e,MAT-S01,328,16,NO
matrimonios,2026-febrero-06_12,mat_febrero2026_06_12.zip,MOVWEBMAT.txt,DC-Web-Mat_12 feb 2026.docx,c98a2c22107e866b703297a0e64c78b64ae08a2356d2c1218434be553fc451a4,b9db3f6f9bbf5a4c7d8e3085789bbcec5d5dc80f6b53c788d268c0c8ba4fc42d,9e504864f59eebcf2311890106c41b4935f287c69ee8bfdcdffcef97543f4f6a,092fe259301b271e,MAT-S01,328,16,NO
matrimonios,2026-febrero-13_19,mat_febrero2026_13_19.zip,MOVWEBMAT.txt,DC-Web-Mat_19 feb 2026.docx,3a696eefc7e2b9869203fcea8b357cae40b7084c4fcf5f243160b69450a178af,3103fe19f5938c4952eeaa2c45d91410263e4cdf6270dd19f21ed8e6ca81b6e0,2e28b1c687514feb99bcd88eeb655f5460ab83831abf6d2b7f08246552db4a0a,092fe259301b271e,MAT-S01,328,16,NO
matrimonios,2026-febrero-20_26,mat_febrero2026_20_26.zip,MOVWEBMAT.txt,DC-Web-Mat_26 feb 2026.docx,ab98f7256111b155d95d220c034102ddc0234a1b170c002bd34c2eb77c0742af,b7abce38d48ab3bb2043378b10044c7a2d8b07590f1cbec6997e93c98745b5d3,7bb5dddb71cbff25d90c69979d041bdbea819ed48a6ffe4706bdcbde40d0700d,092fe259301b271e,MAT-S01,328,16,NO
matrimonios,2026-febrero-27_28,mat_febrero2026_27_28.zip,MOVWEBMAT.txt,DC-Web-Mat_28 feb 2026.docx,246f08a08c0dcd720e236fd5dca2208798e959956b0eea71bd25302ad0ab3456,a2b6751a255d4c233a0d183461fb0c76dda3c0fb82fd7e0dbd10598feedef2b4,b4832260af4c90ba73321cef2fc728d21d08f0771921a271dbac8e6e753fe844,092fe259301b271e,MAT-S01,328,16,NO
matrimonios,2026-julio-01_02,mat_julio2026_01_02.zip,MOVWEBMAT.txt,DC-Web-Mat_02 JUL 2026.docx,3bbcc9a16828b51bd3263495cc8b49882f11695dae905bea1e3118b0f1861ff0,0cf3fe24cc8f8f3068f13be6724a9ad7330a0ddf6576f0801373eeabfa4b8a06,d5315b1defa17c302f80bcfc1101c5712c41109e47c5a99cbb41d77807fa8369,092fe259301b271e,MAT-S01,328,16,NO
matrimonios,2026-julio-03_09,mat_julio2026_03_09.zip,MOVWEBMAT.txt,DC-Web-Mat_09 JULIO 2026.docx,d740b19ccdfd44b88e0004079d5bea518425d2d5825485cc5b7277a627a6138b,8d83df98a23b8b951344167fbb2e6d3fc2a60a248db0c1120c8519b1a0b05365,acf61da2bc325a49d0457f079d10369afd95dd991f8b2c0a4c5f7c9419b2845b,092fe259301b271e,MAT-S01,328,16,NO
matrimonios,2026-julio-10_16,mat_julio2026_10_16.zip,MOVWEBMAT.txt,DC-Web-Mat_16 JULIO 2026.docx,9a699431a2c1b7bbef5c59c928c8cd8d8bf199e421a322cb3597eaeace69b6da,9ebae2c8ca3562d949da27df528f201d8ae8a882aba10118ace327c952f6c21d,a5005765aad00adfe380114a0d339048ac0d68813f593fab0d10c6e69c453b08,092fe259301b271e,MAT-S01,328,16,NO
matrimonios,2026-julio-17_23,mat_julio2026_17_23.zip,MOVWEBMAT.txt,DC-Web-Mat_23 JULIO 2026.docx,882d440a5990d377d1bb6b29607c1d0f04fdbdb9b6827d55ae1902a3445c6afd,36781f60ff622704415ec05ef90f5857045b7f2c4fa321fab75e9661c0a6c521,1a4fb21cccf1949e68b97bc7dc16ad5536eb4f662804fb99f9b68a6b3a366ca3,092fe259301b271e,MAT-S01,328,16,NO
matrimonios,2026-julio-24_31,mat_julio2026_24_31.zip,MOVWEBMAT.txt,DC-Web-Mat_31 JUL 2026.docx,74722de3c9c3ab9d4e37d946b1b2b8598f03176dfafa5cfb79930ee25cb569b9,5639ef85efc39e29aa53d70b19b45091e01126a0a30a3ef6d76a7b0eb4e837bb,2ca2b5cab34035997d08e8a32c97a24f966c6cc29c6242c5810be041d54fe213,092fe259301b271e,MAT-S01,328,16,NO
matrimonios,2026-junio-01_04,mat_junio2026_01_04.zip,MOVWEBMAT.txt,DC-Web-Mat_04 JUN 2026.docx,818a12f77eb3928d729f090476ac73321a91953152d01d3221125d4b17524211,60f9263c45edcc02734d946b46ad4e43ec89e369a0da7296a329e4eeb1c3b380,a5a0d9f795abbd7992b0f3adf142c36fb3e1d8cdf503ef66fc755911671dd288,092fe259301b271e,MAT-S01,328,16,NO
matrimonios,2026-junio-05_11,mat_junio2026_05_11.zip,MOVWEBMAT.txt,DC-Web-Mat_11 JUN 2026.docx,9b9083e14648aeafe61ef3bc2170112d1d5303a3d6225289461273b34dd20de2,d06f8fca23b2f70cb5cec280c2a47172210665d3fa06aa0c933b969109dcc36d,f51f204baf19a67bc3064de90bbdb1b49c4a944cbedcdb190a96e72cb79ba231,092fe259301b271e,MAT-S01,328,16,NO
matrimonios,2026-junio-12_18,mat_junio2026_12_18.zip,MOVWEBMAT.txt,DC-Web-Mat_18 JUN 2026.docx,9bbaca28743bea685c9418336c95d3c3500abde2d3f47417f9394e66fb277a47,8109b8fc2956076724ff8550438432b20c0585559641192769bdbec806796492,4a6a7703bce19236b9809a700dba66af81223b0a8c4dc817cb76a7ad2863ad55,092fe259301b271e,MAT-S01,328,16,NO
matrimonios,2026-junio-19_25,mat_junio2026_19_25.zip,MOVWEBMAT.txt,DC-Web-Mat_25 JUN 2026.docx,31b8ac317a2142d83c9eddf3204321b8df937404b4077ff14931eecf2c7f707c,1eaea94052413e2bcc2e325cb082c3041a058a355f07ad02eb0e9b7114ba99c7,c499abc44de1357ffe2471f5bfb3bfc7f9d6fe7ae4c5a5e9fb532dad30bd9860,092fe259301b271e,MAT-S01,328,16,NO
matrimonios,2026-junio-26_30,mat_junio2026_26_30.zip,MOVWEBMAT.txt,DC-Web-Mat_30 JUN 2026.docx,c83ebce83f864a84414f4b7ad9eeb4165d690fa09747425d829468df457246b2,b1a48bd91385a6d7b13644f787cffccc06a95fb942bebb5c9622123f5b3cb071,e2b545ef03ee379a69e91f7ff23dbafeb012549f8961a5526616d72d91f21d90,092fe259301b271e,MAT-S01,328,16,NO
matrimonios,2026-marzo-01_05,mat_marzo2026_01_05.zip,MOVWEBMAT.txt,DC-Web-Mat_05 Mar 2026.docx,059dd06094b8cab5a096cc0d906a947fd27f75cb625023bd3d45a953855ca810,4f59aae2fdbb186ede0160242e5f8dc115f92bfa375b1576732a066545244869,88ef44badfc77a708428a0b5091c6d1ce9e71478ee51abebd30fc8abdb76534b,092fe259301b271e,MAT-S01,328,16,NO
matrimonios,2026-marzo-06_12,mat_marzo2026_06_12.zip,MOVWEBMAT.txt,DC-Web-Mat_12 mar 2026.docx,9c9c8d303df41f2b8af2e718eebc735a051b6ee753a3071e681a917576c065cd,7b15572c3a2fea40f5083f98005b03cf9b4246647ad9fcfba85b2ead41e381f2,8fa4826f6514e9573440d9ffffe3cae72474d2284c61965f76c762dfadfe44cf,092fe259301b271e,MAT-S01,328,16,NO
matrimonios,2026-marzo-13_19,mat_marzo2026_13_19.zip,MOVWEBMAT.txt,DC-Web-Mat_19 mar 2026.docx,7075ac236f702f0a5112b31d19e16a0d8e25a7e19f4136b50daa880aa3b3ae3d,e1eac505008a1fc373b8909f31e3762da9bc8b747b9b51421207c5f0c74acd10,922347ff4f061f0bc35beae076518416c3cd5736d2034c3dc09f5bd8c10c2c23,092fe259301b271e,MAT-S01,328,16,NO
matrimonios,2026-marzo-20_26,mat_marzo2026_20_26.zip,MOVWEBMAT.txt,DC-Web-Mat_26 mar 2026.docx,2c8791456b0c738afaf4706b481197cc35a52c7851733c9456d60e0758e51f4d,5d5e82df587017e0ef6f0f283993dd4fa0c88552569751e764732c52f7e407f8,20c5af6ced976223c124d4d0956436a530eb451c2b2d781af9fc5e2bebe64e53,092fe259301b271e,MAT-S01,328,16,NO
matrimonios,2026-marzo-27_31,mat_marzo2026_27_31.zip,MOVWEBMAT.txt,DC-Web-Mat_31 mar 2026.docx,7f9df8d2ad22292bccb855e183598cee6a451ad3c20a88ec0b04f173832cf28a,59bc76360a66e24ece04b76fe22fb15116652948524dbe8fa1f2ee85e7a8a2e5,e149162b8d34210474fad054d65a15fabcf7fad765af72b035aae495089bcef5,092fe259301b271e,MAT-S01,328,16,NO
matrimonios,2026-mayo-01_07,mat_mayo2026_01_07.zip,MOVWEBMAT.txt,DC-Web-Mat_07 Mayo 2026.docx,4ba69e194cf8d839ee6d38629d14c3e99ffefe40b1929de1323dc3633ce92c84,b6ad349d69d1057e4401c44d6a2952371a6e9ad803d3d76ddf2d660f9a666844,df287fb928f7093f2ce3badb2ab1abd491db142faabf40be61766885f014d331,092fe259301b271e,MAT-S01,328,16,NO
matrimonios,2026-mayo-08_14,mat_mayo2026_08_14.zip,MOVWEBMAT.txt,DC-Web-Mat_14 MAY 2026.docx,fb29177b91dc9ab1ff618cceea3f0e04bdbec8524e9f7d1b1223621eb2a74cc9,a15e31cc154d5f0b8e17d37b6dd52cdf9a8460b30e55b0b9118fb2643d8eea47,18b4f9e29d7dd27cb7e39d3e93d046465ca88c30261060453da1f7c6c7234c07,092fe259301b271e,MAT-S01,328,16,NO
matrimonios,2026-mayo-15_21,mat_mayo2026_15_21.zip,MOVWEBMAT.txt,DC-Web-Mat_21 MAY 2026.docx,f67d34c802a4af6174b08fcff3ecd645ff77d35e4825658bbe7a2a6d6ac7d3b3,fb2014dff861cfdb20d3d73f519164105026e6fd5d7a0cd196128a92ef5f0dd7,2d68e3b44f609e4ea501b6c82cd60c8cad1178aab9f5264d2c56af1bd2326fcf,092fe259301b271e,MAT-S01,328,16,NO
matrimonios,2026-mayo-22_28,mat_mayo2026_22_28.zip,MOVWEBMAT.txt,DC-Web-Mat_28 MAY 2026.docx,3e32c6be6bceaf4305ad0ea22617dbd151337e2f796a802f10b3b993f17e4a9c,6b1375469f7a14a78f9b9231e671ce3eb53ed323d5657904a58186fbafca911a,f59c556988a35f5115f2707032c7d0aae2cdfedfca5e52ae848aed5a508213ac,092fe259301b271e,MAT-S01,328,16,NO
matrimonios,2026-mayo-29_31,mat_mayo2026_29_31.zip,MOVWEBMAT.txt,DC-Web-Mat_31 MAY 2026.docx,37fe7c409bf73d95107a8893f8912968c7490e41ae0dd702383998c12ecc8ce7,06fb10635826a8b80af7fc9a7badf1ca99390efe9d0c16b914cf9f46a05d539d,ec8fc22052652dca1e0f1e52bbdd4619e3818022b9377acea77d215e5d1440db,092fe259301b271e,MAT-S01,328,16,NO
nacimientos,2026-abril-01_02,nac_abril2026_01_02.zip,MOVWEBNAC.txt,DC-Web-Nac_02 abr 2026.docx,199aa2dce83de0f9f2e1030d2e0a9128599ba5a3edbe2fc80bf75e7de5855005,e7b2a7d49465c3a47250970f07c742b6bf1dc6d6db6c848c773b4f4930e489df,c4a76d213c76baffb9158249bd053d5496bfe70693065ef2f203300681ee296d,445ae4c469e6ba2b,NAC-S01,281,26,NO
nacimientos,2026-abril-03_09,nac_abril2026_03_09.zip,MOVWEBNAC.txt,DC-Web-Nac_09 abr 2026.docx,b4ab6670b3ef6534014d9690e7456f30615fdaea9bf77898b248975412ab9585,bfded862903964400a6df4e16d087d9f76e6ca13e5450c0506407ff44adda76b,bfc270e24707c88a6e8e025533d740b584ce9ebb37fcd269728f2ad718c40e98,445ae4c469e6ba2b,NAC-S01,281,26,NO
nacimientos,2026-abril-10_16,nac_abril2026_10_16.zip,MOVWEBNAC.txt,DC-Web-Nac_16 abr 2026.docx,0caace6140378e1002ad2a6890bc5f1d3793a08811349cb4589761527bf8a78d,38b060bf8ab9fdf1ddce1295c74e2b43cc9978f8c41c97040a60a872e8946ba5,e5c7ad2d978869a37428bcfeeb763362a93241f4e8a577e87b97ca71dfd700a8,445ae4c469e6ba2b,NAC-S01,281,26,NO
nacimientos,2026-abril-17_23,nac_abril2026_17_23.zip,MOVWEBNAC.txt,DC-Web-Nac_23 abr 2026.docx,4b125a588094d8c338dbdf3cfc715f909fd026c659e01dd9d1ff5447cb812197,77c73d450321593cf78c6258c76c75f5ea35963fe30081fc44a4c934d604d072,a3d4b704a2afdc3dcc4f770960f389aa6e6e3c88da857fea66f11410f51db018,445ae4c469e6ba2b,NAC-S01,281,26,NO
nacimientos,2026-abril-24_30,nac_abril2026_24_30.zip,MOVWEBNAC.txt,DC-Web-Nac_30 Abril 2026.docx,a86bb4fc72957ce475eee057a5db791ac741f286a5cf7e7df574d3cd58a3ab4c,9a030daf4d509d149dcca87445265d35ee8a4d1fee4b1b92bac9813bdb145576,761a92366c0c584705edf66a8caf95b21d16413871f4c103278eabd854a0e3b5,445ae4c469e6ba2b,NAC-S01,281,26,NO
nacimientos,2026-agosto-01_06,nac_agosto2026_01_06.zip,MOVWEBNAC.txt,DC-Web-Nac_06 AGO 2026.docx,c2d02bdcb2cd4e99e65bc6bd2450573abe85b40d48a551752538d042f81c8885,030460dde95575647de5dfb2953f86d996a9a6732e8913c2a3fc647b4cc4e1ab,46e60f1c2a0bf46bbd163bb6c0da281401792f4fb54e8a626dc637ff0de161b4,445ae4c469e6ba2b,NAC-S01,281,26,NO
nacimientos,2026-febrero-01_05,nac_febrero2026_01_05.zip,MOVWEBNAC.txt,DC-Web-Nac_05 feb 2026.docx,2a5ff693ad2dcf0bc53690cacb38f670e365aa2c7ce8d81f9a50ff38a0a05fa9,1dfb27d16a57c135dfd064bf3f4195f3ac7202ef4ef9076f1e6ec0f8cf4d276f,3e23712718a43dd3bd1c952f5ab0fbc099e44e34d693ded2f72432a898ce799e,445ae4c469e6ba2b,NAC-S01,281,26,NO
nacimientos,2026-febrero-06_12,nac_febrero2026_06_12.zip,MOVWEBNAC.txt,DC-Web-Nac_12 feb 2026.docx,4ed1e46dbe37cf8329350de1d36566ed764599ef77288112ae9ad84c871020d6,db2d3f2e054846140a5c06c05aa30f3f74891a08f4360ca92bbce5187d8d6e93,8c8845223206e2c57c429d1e1ed68e36922db9ba6d82c282c990e0ab209254f1,445ae4c469e6ba2b,NAC-S01,281,26,NO
nacimientos,2026-febrero-13_19,nac_febrero2026_13_19.zip,MOVWEBNAC.txt,DC-Web-Nac_19 feb 2026.docx,44582928480727674d9079777e4f448745b9f11ab5f66d3373e6518d9d92e01a,0cef4c783235b8f53a68ead1555fc845fe5c88f8e282af31605228b9569f2cff,a243f4a98fd10ae0a81894a858567443c50de7ab9a949e07c993429732820517,445ae4c469e6ba2b,NAC-S01,281,26,NO
nacimientos,2026-febrero-20_26,nac_febrero2026_20_26.zip,MOVWEBNAC.txt,DC-Web-Nac_26 feb 2026.docx,ed71f56a2599d4cdde895a4bf96cf59a8cf2854bcdc16ddc7f60a46627b624d7,8c0f7f3ed3d7cc0a428b5b2f94b70d8c47011c9c83eed5438590758ddd19df1d,40d767969e39d58ee4396b4684e129dd70947770b5b5b6a8d061cd4471e0da7f,445ae4c469e6ba2b,NAC-S01,281,26,NO
nacimientos,2026-febrero-27_28,nac_febrero2026_27_28.zip,MOVWEBNAC.txt,DC-Web-Nac_28 feb 2026.docx,3c1b5f9033588d599d7d5ff7605069c4ef6fed2c99f486fc519605e260b19777,0256e2ea9c7cac7f9e410a40dc875d8f060aebeb4106f539e8eb621929482ac8,eebdbb8c688b184077fc5e76a49cfb190b759fd05285641677204a0d544c0e95,445ae4c469e6ba2b,NAC-S01,281,26,NO
nacimientos,2026-julio-01_02,nac_julio2026_01_02.zip,MOVWEBNAC.txt,DC-Web-Nac_02 JUL 2026.docx,f0ead40805c6f8cfa03295259b0c08a6040f6e7336d2c1593e958eaa439ba3c7,5d0317e964e785ce49a1d6c2809f452f4487bb56d2a13f5d42ba237871af0e34,374037e04131a43a216aa9a4643d42a069aee02ccf0374f0e66e4dab1fd45f6e,445ae4c469e6ba2b,NAC-S01,281,26,NO
nacimientos,2026-julio-03_09,nac_julio2026_03_09.zip,MOVWEBNAC.txt,DC-Web-Nac_09 JULIO 2026.docx,0ce58ac0c5d07e5ecbb716a3479e4ac838413a8ad59d3b8f008c1b621563c6e3,fef590f5fd858679c07bbe2a1f972b58c4c616f530e63d7449b5bab868267039,6699787cb88a453de6d4687b24e76d20a91dd5dd3d6f412078772c0fd7549cf8,445ae4c469e6ba2b,NAC-S01,281,26,NO
nacimientos,2026-julio-10_16,nac_julio2026_10_16.zip,MOVWEBNAC.txt,DC-Web-Nac_16 JULIO 2026.docx,228df59261eae82bc5bf88884ff2e9cf435e7244019d11b3de41b76f96666df5,853ee5523d96a181c5501a7ffd47b9b3ac84fad5f357fd6e12018a5add7cf0ba,1fdf7ba09611de005b4620bb8bcc13031b7364fcfeecae1d1e682170d0b73678,445ae4c469e6ba2b,NAC-S01,281,26,NO
nacimientos,2026-julio-17_23,nac_julio2026_17_23.zip,MOVWEBNAC.txt,DC-Web-Nac_23 JULIO 2026.docx,2c371485e600257ebdc7997e124ceb95b89574294a85230ac3ac412fab3b3336,73121b203acde8c9b4b5cbe64b251993871b34fde527bc7379f04497abfd6b90,73696b9bc7d33a735da5947620a75496aa91c8b0587b38dc3fe2ddaa85c4f9d1,445ae4c469e6ba2b,NAC-S01,281,26,NO
nacimientos,2026-julio-24_31,nac_julio2026_24_31.zip,MOVWEBNAC.txt,DC-Web-Nac_31 JUL 2026.docx,1dd748764a24b5ff0c3a4a44bc9c5bae5eed46d3244b57461feef133cd951bd8,60451dd66335ea7dac6b32117dc9efab24c313ea98c5f7523455684f4e80f3dc,074324305a1574950429e03430c58e1ef0748cbcdaf0bc2de4979c12de3d54da,445ae4c469e6ba2b,NAC-S01,281,26,NO
nacimientos,2026-junio-01_04,nac_junio2026_01_04.zip,MOVWEBNAC.txt,DC-Web-Nac_04 JUN 2026.docx,cf2a4212f11cd3fe7511ef0dc81f4853d8d98068790262f79335b53ea393846d,17f5e2f51404ea9bb0f1d3aa13bc3a315ff1936f28736f0f2de1b7b462c5409f,a1a43e0c1029d2bf0d4bc3394c4f518384cd84ff5b31d2988305c95dd6e9a38a,445ae4c469e6ba2b,NAC-S01,281,26,NO
nacimientos,2026-junio-05_11,nac_junio2026_05_11.zip,MOVWEBNAC.txt,DC-Web-Nac_11 JUN 2026.docx,ee7a15f2ce4b7ffb0e3f02a55243b1d57d925c4fbbec4cb9fbb4f3861ccfbb06,7684239ab060618dc2f898f391b2dd588786bea8673b8d791eef96b57ae1d39e,ede96ebdede422e834b9d5b57142030550ffebfd5559a17f59b18c4f03f43bb5,445ae4c469e6ba2b,NAC-S01,281,26,NO
nacimientos,2026-junio-12_18,nac_junio2026_12_18.zip,MOVWEBNAC.txt,DC-Web-Nac_18 JUN 2026.docx,e9106cd1da042ab4efbb73e7928ac08f30670ccb65e02dd8e2a656c11887ca36,a348d78e239f0d0f7307d3422aecb16ed5f12b9aa93ee70512c17008ae270596,96cb765767bddf41a3e61af57be7be72c9886845c82cf9eda6d30e8694566cb1,445ae4c469e6ba2b,NAC-S01,281,26,NO
nacimientos,2026-junio-19_25,nac_junio2026_19_25.zip,MOVWEBNAC.txt,DC-Web-Nac_25 JUN 2026.docx,1faddbc4f0bb262ba1ddbe8645525386c5f877ee1c4f824414b1ffed98703a7f,4e0bcd4964047d6de6f7de5b8ef6c74332fe9b34616321b8837033b0b799c9e0,8eaeafa3eb6c1f6e920e567221af47508c00477c0ac9aa2db854634192071022,445ae4c469e6ba2b,NAC-S01,281,26,NO
nacimientos,2026-junio-26_30,nac_junio2026_26_30.zip,MOVWEBNAC.txt,DC-Web-Nac_30 JUN 2026.docx,62eb915474ba3938290dd5b2be28225b1d1bbbaf0370c734ca032b4696ea3def,85fe8525d55b82436ab38074c4d9bcb4d8222ea4424af5673b07d803a7fc7edf,2c06306d8763b7890e2764e6d993aa92f57b2238e41bddcf5004ed7a651d33c6,445ae4c469e6ba2b,NAC-S01,281,26,NO
nacimientos,2026-marzo-01_05,nac_marzo2026_01_05.zip,MOVWEBNAC.txt,DC-Web-Nac_05 Mar 2026.docx,ae0f37f95fd8b9ed56b3b7168ccc1118604e7f4911395b78f3a92af48f2c2c52,d8e881e587f7f6999870d190afb36c82a15a02f3d1809bdec2bf397170804345,29c0c89acec2c12fd88e302709e57230b26761cfae1564b60f26a49b5e308dca,445ae4c469e6ba2b,NAC-S01,281,26,NO
nacimientos,2026-marzo-06_12,nac_marzo2026_06_12.zip,MOVWEBNAC.txt,DC-Web-Nac_12 mar 2026.docx,627305b3dce9c59ee9fbf50edb6718f84b7f07a50f88ac32d01bf5fa09e85888,4745eb9d6beaf8f62217f3b3e8b7cc433b1247256a737f7a9ddbb621e7f352f2,129b3ceaa640abd445076ae756b76c800669b33945cd998801f9d9b749f9463f,445ae4c469e6ba2b,NAC-S01,281,26,NO
nacimientos,2026-marzo-13_19,nac_marzo2026_13_19.zip,MOVWEBNAC.txt,DC-Web-Nac_19 mar 2026.docx,9cd8d6b3622322a6283445eda4e2cdc2ad2f1bef498da4ddb77da034e6d6abc8,bc63246737955c7d5b2a96f558c075dc0ba3011f9b5102c28f03c366facaba94,f0dbed26220b18da9e9c9ed3b69e6c6ca389629019bcc2835ebd04a598938ac0,445ae4c469e6ba2b,NAC-S01,281,26,NO
nacimientos,2026-marzo-20_26,nac_marzo2026_20_26.zip,MOVWEBNAC.txt,DC-Web-Nac_26 mar 2026.docx,0cb0af21efe0e25bdd3d6661793901d882eddbc38f55857795de3d0e19f50d7c,3944b5e84be3f024b7d2cb335b6450a6b368717894c808810eeca0f9cf57af18,c825f1075e114454f9c05854c91f57f427e275e56223b8a3abbab0ff45d59ae3,445ae4c469e6ba2b,NAC-S01,281,26,NO
nacimientos,2026-marzo-27_31,nac_marzo2026_27_31.zip,MOVWEBNAC.txt,DC-Web-Nac_31 mar 2026.docx,c096397bb683a9b98ad80c5831530bc28c9d73335a58649c9c7696dc3aaab332,3a24dd3c727fbab9a81b558a9b398d7d598711ea8c832b444bfe6fc2e7fc411a,233634b2dc70ee621f77ce8b6974bf0c21a180571c5d546248748041a35a2010,445ae4c469e6ba2b,NAC-S01,281,26,NO
nacimientos,2026-mayo-01_07,nac_mayo2026_01_07.zip,MOVWEBNAC.txt,DC-Web-Nac_07 Mayo 2026.docx,1bf92f725190e878e8cf0ef8330021a01e0685da7612097e72dca6b1d1024a24,81402af063c4f95fc6c21ee6e837aae1300f36710bb3b0ad389fe087d15b9153,8ae4b8491bf41e291b15df18744da101e5d36fd01928090deb62e4f6332bd2ea,445ae4c469e6ba2b,NAC-S01,281,26,NO
nacimientos,2026-mayo-08_14,nac_mayo2026_08_14.zip,MOVWEBNAC.txt,DC-Web-Nac_14 MAY 2026.docx,f201eb689ce9e827fc5a7ebee807931715a0afe3306c697ab76cc77fb33107ef,b1965110c8d4bed582ed924c3f0c2661208c0dca9da0c7279a778d18f8192e53,c9df2305a2eb6c8df93541067bfe4cca621b61c3602068cf47974b0434645147,445ae4c469e6ba2b,NAC-S01,281,26,NO
nacimientos,2026-mayo-15_21,nac_mayo2026_15_21.zip,MOVWEBNAC.txt,DC-Web-Nac_21 MAY 2026.docx,6af3b4c8de5c76f6fc879d542e15111a95474d8a4c4f88aac51298fa0c16f419,29bc9453286e35e48fff7dfcfabc8a5da0195a91c2e4094405ae9adcfc1145a7,455ba42bf8ccbb8438dbe41ec4fe6ea1a46d2c527bf1b786a62c88643cca317a,445ae4c469e6ba2b,NAC-S01,281,26,NO
nacimientos,2026-mayo-22_28,nac_mayo2026_22_28.zip,MOVWEBNAC.txt,DC-Web-Nac_28 MAY 2026.docx,c8893c8f8e4ddd29cf51df0d62dd63339b5da833cf001eea3e6c7c8e1edce9f4,343f4975aaaacf9ff31228338c215f73134efabbe8ce8aea13309653cae57618,0bc3bc8c4f0f832854d89b5e49c951f5da68ee12cf855d3a0fdebf86c2268d2a,445ae4c469e6ba2b,NAC-S01,281,26,NO
nacimientos,2026-mayo-29_31,nac_mayo2026_29_31.zip,MOVWEBNAC.txt,DC-Web-Nac_31 MAY 2026.docx,0df9b4be68589339c1dae6497e2dc9040d9348378bf82f598a4420c514e23bd0,f1e1fdf92e34e41eca0e08d23a85cbf2d3cf507519374194896cfbf78019430e,771748d9331b061e705798c272bd6ab343001e5615acb5bced3c3fc8fefcf38d,445ae4c469e6ba2b,NAC-S01,281,26,NO
