manifest_version,dataset,source_url,source_page,zip_filename,zip_relative_path,zip_sha256,zip_size_bytes,txt_filename,txt_relative_work_path,txt_sha256,year,month,period_start,period_end,encoding_detected,encoding_detection_method,expected_record_length,min_record_length,max_record_length,total_rows,valid_length_rows,short_rows,long_rows,empty_rows,download_status,extraction_status,inspection_status,processed_at_utc,schema_version,overall_status
1.0,defunciones,,https://www.tse.go.cr/descarga_movimientos.html,def_abril2026_01_02.zip,defunciones\movimientos\2026\04_abril\01_02\def_abril2026_01_02.zip,ae56335eb5cd9d2046f34dc281e8b9d3d9cfff148aa3f35315bf279ec7056d6d,20342,MOVWEBDEF.txt,defunciones\def_abril2026_01_02\MOVWEBDEF.txt,c81ef4e6717d5afc61448ac6b17aaf17b23c16bba8334ca6f29812dc1f53396b,2026,4,1,2,latin-1,SCHEMA_FALLBACK_AFTER_UTF8_FAILURE,191,191,191,82,82,0,0,0,ALREADY_PRESENT,ALREADY_EXTRACTED,INSPECTED,2026-09-06T00:06:47.585876+00:00,1.0,OK
1.0,defunciones,,https://www.tse.go.cr/descarga_movimientos.html,def_abril2026_03_09.zip,defunciones\movimientos\2026\04_abril\03_09\def_abril2026_03_09.zip,c6d175a98b8317a123dbb28f4d794a44b509935d111f3628f1fec7a5c1ef2dab,32167,MOVWEBDEF.txt,defunciones\def_abril2026_03_09\MOVWEBDEF.txt,bcaba9ecf641e00f65659ee88096d95bc19a723b15ec72680b2f78efe156ca70,2026,4,3,9,latin-1,SCHEMA_FALLBACK_AFTER_UTF8_FAILURE,191,191,191,503,503,0,0,0,ALREADY_PRESENT,ALREADY_EXTRACTED,INSPECTED,2026-09-06T00:06:47.591775+00:00,1.0,OK
1.0,defunciones,,https://www.tse.go.cr/descarga_movimientos.html,def_abril2026_10_16.zip,defunciones\movimientos\2026\04_abril\10_16\def_abril2026_10_16.zip,2d9e15201e894d43ea1fe15b98fd8a8462c96b68863643c60f88bbb984922dbd,40949,MOVWEBDEF.txt,defunciones\def_abril2026_10_16\MOVWEBDEF.txt,ce9f46ef297b911c0f7d2f7c24cc9ff632cfed3a79fcadac373a669a766656eb,2026,4,10,16,latin-1,SCHEMA_FALLBACK_AFTER_UTF8_FAILURE,191,191,191,793,793,0,0,0,ALREADY_PRESENT,ALREADY_EXTRACTED,INSPECTED,2026-09-06T00:06:47.594454+00:00,1.0,OK
1.0,defunciones,,https://www.tse.go.cr/descarga_movimientos.html,def_abril2026_17_23.zip,defunciones\movimientos\2026\04_abril\17_23\def_abril2026_17_23.zip,05fe14a952ba47c813a915752b19c85d27d8bd6ed89d43c4e8e7c98fc8c7e5d6,34636,MOVWEBDEF.txt,defunciones\def_abril2026_17_23\MOVWEBDEF.txt,bc0799187431520d50c8417d19685a3a3137319e371b6c5fb302fe5db529100f,2026,4,17,23,latin-1,SCHEMA_FALLBACK_AFTER_UTF8_FAILURE,191,191,191,549,549,0,0,0,ALREADY_PRESENT,ALREADY_EXTRACTED,INSPECTED,2026-09-06T00:06:47.601775+00:00,1.0,OK
1.0,defunciones,,https://www.tse.go.cr/descarga_movimientos.html,def_abril2026_24_30.zip,defunciones\movimientos\2026\04_abril\24_30\def_abril2026_24_30.zip,d1f33106e7b66839ce9a5972c190870ecf4dfe311dd8a321cac4f94d1996a0e3,50081,MOVWEBDEF.txt,defunciones\def_abril2026_24_30\MOVWEBDEF.txt,85fe3f144f8b3a1950d29c00c371d2462adc8f602d4067c2e85e033235fd1db4,2026,4,24,30,latin-1,SCHEMA_FALLBACK_AFTER_UTF8_FAILURE,191,191,191,1105,1105,0,0,0,ALREADY_PRESENT,ALREADY_EXTRACTED,INSPECTED,2026-09-06T00:06:47.610471+00:00,1.0,OK
1.0,defunciones,,https://www.tse.go.cr/descarga_movimientos.html,def_agosto2026_01_06.zip,defunciones\movimientos\2026\08_agosto\01_06\def_agosto2026_01_06.zip,d833373e5140e7716c21707aaf9f03b4bbc46008e0e7da6c5f3af4a029b7311a,32883,MOVWEBDEF.txt,defunciones\def_agosto2026_01_06\MOVWEBDEF.txt,88f77decd7507715634fef7a805d44e9a1cc8382bd8c6224cff93ba7a2f3859b,2026,8,1,6,latin-1,SCHEMA_FALLBACK_AFTER_UTF8_FAILURE,191,191,191,502,502,0,0,0,ALREADY_PRESENT,ALREADY_EXTRACTED,INSPECTED,2026-09-06T00:06:47.691778+00:00,1.0,OK
1.0,defunciones,,https://www.tse.go.cr/descarga_movimientos.html,def_febrero2026_01_05.zip,defunciones\movimientos\2026\02_febrero\01_05\def_febrero2026_01_05.zip,483f50f0ddeb3950a217588a02589713545bafada92bf5ffc3a7e871b2e9419c,27207,MOVWEBDEF.txt,defunciones\def_febrero2026_01_05\MOVWEBDEF.txt,b5b318c10b9c3d8e08a9fcc2058e6fff2b9609f9ddb9376aec52d2e8cb5c7966,2026,2,1,5,latin-1,SCHEMA_FALLBACK_AFTER_UTF8_FAILURE,191,191,191,329,329,0,0,0,ALREADY_PRESENT,ALREADY_EXTRACTED,INSPECTED,2026-09-06T00:06:47.531707+00:00,1.0,OK
1.0,defunciones,,https://www.tse.go.cr/descarga_movimientos.html,def_febrero2026_06_12.zip,defunciones\movimientos\2026\02_febrero\06_12\def_febrero2026_06_12.zip,e98b8d26ebb9152697cd080f4d7fb1707b3ce678165522ca0641101f9b2db91f,36494,MOVWEBDEF.txt,defunciones\def_febrero2026_06_12\MOVWEBDEF.txt,0c308023d34afa633b0f1e5c571706add2c80f765f140f0b1d7f708e4df95ce1,2026,2,6,12,latin-1,SCHEMA_FALLBACK_AFTER_UTF8_FAILURE,191,191,191,649,649,0,0,0,ALREADY_PRESENT,ALREADY_EXTRACTED,INSPECTED,2026-09-06T00:06:47.539154+00:00,1.0,OK
1.0,defunciones,,https://www.tse.go.cr/descarga_movimientos.html,def_febrero2026_13_19.zip,defunciones\movimientos\2026\02_febrero\13_19\def_febrero2026_13_19.zip,6bf75a1fb5fc4cf1216574176759e5c3dbd6ead097aaa45cf29bb7b1fb174561,41831,MOVWEBDEF.txt,defunciones\def_febrero2026_13_19\MOVWEBDEF.txt,fe5e76d1ca920aa5e55d0650b7c0746882f57dc243148dddb380db83a8ffcd8f,2026,2,13,19,latin-1,SCHEMA_FALLBACK_AFTER_UTF8_FAILURE,191,191,191,826,826,0,0,0,ALREADY_PRESENT,ALREADY_EXTRACTED,INSPECTED,2026-09-06T00:06:47.543882+00:00,1.0,OK
1.0,defunciones,,https://www.tse.go.cr/descarga_movimientos.html,def_febrero2026_20_26.zip,defunciones\movimientos\2026\02_febrero\20_26\def_febrero2026_20_26.zip,ca99b9bf41da268a883baa525cd3ddc1aebbe0dc0edd76b04b0d1c6001a43151,38228,MOVWEBDEF.txt,defunciones\def_febrero2026_20_26\MOVWEBDEF.txt,a4a8d2f5fd5ecd82c77c590a9fb4afd871c810b0947e31e02bb5bd6600658e84,2026,2,20,26,latin-1,SCHEMA_FALLBACK_AFTER_UTF8_FAILURE,191,191,191,705,705,0,0,0,ALREADY_PRESENT,ALREADY_EXTRACTED,INSPECTED,2026-09-06T00:06:47.548396+00:00,1.0,OK
1.0,defunciones,,https://www.tse.go.cr/descarga_movimientos.html,def_febrero2026_27_28.zip,defunciones\movimientos\2026\02_febrero\27_28\def_febrero2026_27_28.zip,265e5b7184d79cf86569965704e425b82907fb1b80e97aa7205c50aa3cc1b650,23695,MOVWEBDEF.txt,defunciones\def_febrero2026_27_28\MOVWEBDEF.txt,b367c3568c60edbf48b7ab3e4a238940cd5c6e7651beb934c8f5891a11415cb8,2026,2,27,28,latin-1,SCHEMA_FALLBACK_AFTER_UTF8_FAILURE,191,191,191,198,198,0,0,0,ALREADY_PRESENT,ALREADY_EXTRACTED,INSPECTED,2026-09-06T00:06:47.553930+00:00,1.0,OK
1.0,defunciones,,https://www.tse.go.cr/descarga_movimientos.html,def_julio2026_01_02.zip,defunciones\movimientos\2026\07_julio\01_02\def_julio2026_01_02.zip,ecee4aa4fe6aa48b2073f8c5ba82613ec2619ff460a6ef1290268fede1fb72ed,21323,MOVWEBDEF.txt,defunciones\def_julio2026_01_02\MOVWEBDEF.txt,d7c0178fbbbba6de300401ba289d1b9695955bc70292a741a2c234c47efc6ba8,2026,7,1,2,latin-1,SCHEMA_FALLBACK_AFTER_UTF8_FAILURE,191,191,191,111,111,0,0,0,ALREADY_PRESENT,ALREADY_EXTRACTED,INSPECTED,2026-09-06T00:06:47.666008+00:00,1.0,OK
1.0,defunciones,,https://www.tse.go.cr/descarga_movimientos.html,def_julio2026_03_09.zip,defunciones\movimientos\2026\07_julio\03_09\def_julio2026_03_09.zip,a5dc2bdba66de8ada74fae0e86db63df6237f3d1d94e0e0e40d0d7a6b6cdafb9,38121,MOVWEBDEF.txt,defunciones\def_julio2026_03_09\MOVWEBDEF.txt,43db2c758f3cb88d12a1c2f4e0c35bd298be114af8a08388a5d0fb46df934984,2026,7,3,9,latin-1,SCHEMA_FALLBACK_AFTER_UTF8_FAILURE,191,191,191,687,687,0,0,0,ALREADY_PRESENT,ALREADY_EXTRACTED,INSPECTED,2026-09-06T00:06:47.673425+00:00,1.0,OK
1.0,defunciones,,https://www.tse.go.cr/descarga_movimientos.html,def_julio2026_10_16.zip,defunciones\movimientos\2026\07_julio\10_16\def_julio2026_10_16.zip,e9f4e5cd2d6e7f7405313401599d73b0675061bc1169f2e2683500639d4f209e,40060,MOVWEBDEF.txt,defunciones\def_julio2026_10_16\MOVWEBDEF.txt,7c7c91bbb02efac9e89cca1686483adb9bf8cdf80eb25f3a7e77e0eaf5208eb0,2026,7,10,16,latin-1,SCHEMA_FALLBACK_AFTER_UTF8_FAILURE,191,191,191,748,748,0,0,0,ALREADY_PRESENT,ALREADY_EXTRACTED,INSPECTED,2026-09-06T00:06:47.673425+00:00,1.0,OK
1.0,defunciones,,https://www.tse.go.cr/descarga_movimientos.html,def_julio2026_17_23.zip,defunciones\movimientos\2026\07_julio\17_23\def_julio2026_17_23.zip,58ccb9a6fa1ec5865ccdc4e249f0941c40c26f979a01daf882e97a609e465e81,40186,MOVWEBDEF.txt,defunciones\def_julio2026_17_23\MOVWEBDEF.txt,7d8cd66467aa769e4f47c0bca27889eac159ee7e0d1941b68de94e77d3799dcd,2026,7,17,23,latin-1,SCHEMA_FALLBACK_AFTER_UTF8_FAILURE,191,191,191,748,748,0,0,0,ALREADY_PRESENT,ALREADY_EXTRACTED,INSPECTED,2026-09-06T00:06:47.681624+00:00,1.0,OK
1.0,defunciones,,https://www.tse.go.cr/descarga_movimientos.html,def_julio2026_24_31.zip,defunciones\movimientos\2026\07_julio\24_31\def_julio2026_24_31.zip,d91660767cbe518b4c6f4b1106502462ee2d6c6f9925ef12a94e8d7b17f4537f,45828,MOVWEBDEF.txt,defunciones\def_julio2026_24_31\MOVWEBDEF.txt,6afd0ee986c49843a3435d4f3149d1d5dc153ffc754dc926c64f3176ad13371f,2026,7,24,31,latin-1,SCHEMA_FALLBACK_AFTER_UTF8_FAILURE,191,191,191,923,923,0,0,0,ALREADY_PRESENT,ALREADY_EXTRACTED,INSPECTED,2026-09-06T00:06:47.688260+00:00,1.0,OK
1.0,defunciones,,https://www.tse.go.cr/descarga_movimientos.html,def_junio2026_01_04.zip,defunciones\movimientos\2026\06_junio\01_04\def_junio2026_01_04.zip,d350119bee3356ca5cf7cf449e5ee80a35ee8070ccdfea6421f9ef2c9ad2ae90,29626,MOVWEBDEF.txt,defunciones\def_junio2026_01_04\MOVWEBDEF.txt,a9d24f186b0b6da5a3bb0e4f2888b992ba511ab6b5cf0b2bac4af232946b93e0,2026,6,1,4,latin-1,SCHEMA_FALLBACK_AFTER_UTF8_FAILURE,191,191,191,398,398,0,0,0,ALREADY_PRESENT,ALREADY_EXTRACTED,INSPECTED,2026-09-06T00:06:47.641743+00:00,1.0,OK
1.0,defunciones,,https://www.tse.go.cr/descarga_movimientos.html,def_junio2026_05_11.zip,defunciones\movimientos\2026\06_junio\05_11\def_junio2026_05_11.zip,f4a701b59429c1af4f6c4c0c380ebdb7c333b2d5e569c4e94edc9348eb505c82,36611,MOVWEBDEF.txt,defunciones\def_junio2026_05_11\MOVWEBDEF.txt,713cc227f47694b725b26e87b3946935bf658a97115727f3881f40b1bcc6847c,2026,6,5,11,latin-1,SCHEMA_FALLBACK_AFTER_UTF8_FAILURE,191,191,191,635,635,0,0,0,ALREADY_PRESENT,ALREADY_EXTRACTED,INSPECTED,2026-09-06T00:06:47.646443+00:00,1.0,OK
1.0,defunciones,,https://www.tse.go.cr/descarga_movimientos.html,def_junio2026_12_18.zip,defunciones\movimientos\2026\06_junio\12_18\def_junio2026_12_18.zip,6a4e24bdb459151a265f252a7d03be6bd3ed0c012069bb3289487536d1024fcc,38045,MOVWEBDEF.txt,defunciones\def_junio2026_12_18\MOVWEBDEF.txt,a9e5450b3851fad11361e1b729526d48a05bf2380cb613defda7e64700e305b2,2026,6,12,18,latin-1,SCHEMA_FALLBACK_AFTER_UTF8_FAILURE,191,191,191,679,679,0,0,0,ALREADY_PRESENT,ALREADY_EXTRACTED,INSPECTED,2026-09-06T00:06:47.651850+00:00,1.0,OK
1.0,defunciones,,https://www.tse.go.cr/descarga_movimientos.html,def_junio2026_19_25.zip,defunciones\movimientos\2026\06_junio\19_25\def_junio2026_19_25.zip,9531a9831a41691ca4225b182c152a5b36439721dce14471d2fd34deb1329e0a,39581,MOVWEBDEF.txt,defunciones\def_junio2026_19_25\MOVWEBDEF.txt,2346e5283a9658ef821c39767fb8e66365e46cb44e5be8b068625043f78b783e,2026,6,19,25,latin-1,SCHEMA_FALLBACK_AFTER_UTF8_FAILURE,191,191,191,739,739,0,0,0,ALREADY_PRESENT,ALREADY_EXTRACTED,INSPECTED,2026-09-06T00:06:47.656327+00:00,1.0,OK
1.0,defunciones,,https://www.tse.go.cr/descarga_movimientos.html,def_junio2026_26_30.zip,defunciones\movimientos\2026\06_junio\26_30\def_junio2026_26_30.zip,c18c5b141537715466a44dc5b9ed31fa37ac48fe319dbbc1e079f76e08ac9deb,34898,MOVWEBDEF.txt,defunciones\def_junio2026_26_30\MOVWEBDEF.txt,192dc19608598aee188013ee6ce6742e50f0a062b27589c5633d2f7aad0235a6,2026,6,26,30,latin-1,SCHEMA_FALLBACK_AFTER_UTF8_FAILURE,191,191,191,553,553,0,0,0,ALREADY_PRESENT,ALREADY_EXTRACTED,INSPECTED,2026-09-06T00:06:47.662020+00:00,1.0,OK
1.0,defunciones,,https://www.tse.go.cr/descarga_movimientos.html,def_marzo2026_01_05.zip,defunciones\movimientos\2026\03_marzo\01_05\def_marzo2026_01_05.zip,ae8ee27e04c49f3d0a16b9a3d03165873dffa0656e15ead443e312044643dc6f,31348,MOVWEBDEF.txt,defunciones\def_marzo2026_01_05\MOVWEBDEF.txt,e8162cff323aff2c5a68cff94066bfa4b23df8c57e7fe8046870e681c60c2fd3,2026,3,1,5,latin-1,SCHEMA_FALLBACK_AFTER_UTF8_FAILURE,191,191,191,462,462,0,0,0,ALREADY_PRESENT,ALREADY_EXTRACTED,INSPECTED,2026-09-06T00:06:47.556494+00:00,1.0,OK
1.0,defunciones,,https://www.tse.go.cr/descarga_movimientos.html,def_marzo2026_06_12.zip,defunciones\movimientos\2026\03_marzo\06_12\def_marzo2026_06_12.zip,28af490c7440d68b8a42925982f5c74dcbccd78e66c1c08eac30e71451e19fda,40131,MOVWEBDEF.txt,defunciones\def_marzo2026_06_12\MOVWEBDEF.txt,16e42e24c1347b5c53f0e1ad043f68c782d5a60ceafff8e2586347a4edf433f9,2026,3,6,12,latin-1,SCHEMA_FALLBACK_AFTER_UTF8_FAILURE,191,191,191,763,763,0,0,0,ALREADY_PRESENT,ALREADY_EXTRACTED,INSPECTED,2026-09-06T00:06:47.561803+00:00,1.0,OK
1.0,defunciones,,https://www.tse.go.cr/descarga_movimientos.html,def_marzo2026_13_19.zip,defunciones\movimientos\2026\03_marzo\13_19\def_marzo2026_13_19.zip,2319535b9dcd662b4062a42b2f9f6d4b9fd155224a83bdbc71720dc5329f6cc4,38351,MOVWEBDEF.txt,defunciones\def_marzo2026_13_19\MOVWEBDEF.txt,eafd0e9557ca77c2bf352c9859d9c5ecb57b0349c692340291009051d24c9cf8,2026,3,13,19,latin-1,SCHEMA_FALLBACK_AFTER_UTF8_FAILURE,191,191,191,699,699,0,0,0,ALREADY_PRESENT,ALREADY_EXTRACTED,INSPECTED,2026-09-06T00:06:47.561803+00:00,1.0,OK
1.0,defunciones,,https://www.tse.go.cr/descarga_movimientos.html,def_marzo2026_20_26.zip,defunciones\movimientos\2026\03_marzo\20_26\def_marzo2026_20_26.zip,182751c4b824d827db7647176a3512b0d4de569b88396754d761d0ece5a42772,38114,MOVWEBDEF.txt,defunciones\def_marzo2026_20_26\MOVWEBDEF.txt,8f77f3015f8c8ff71d1cbb63ce34237c2a80bc53967d55cfee456bfb7c6d3b47,2026,3,20,26,latin-1,SCHEMA_FALLBACK_AFTER_UTF8_FAILURE,191,191,191,687,687,0,0,0,ALREADY_PRESENT,ALREADY_EXTRACTED,INSPECTED,2026-09-06T00:06:47.577120+00:00,1.0,OK
1.0,defunciones,,https://www.tse.go.cr/descarga_movimientos.html,def_marzo2026_27_31.zip,defunciones\movimientos\2026\03_marzo\27_31\def_marzo2026_27_31.zip,e94896134d2469f725286facd126103c87cf110ae563c0e6e7b710442600f5b9,30770,MOVWEBDEF.txt,defunciones\def_marzo2026_27_31\MOVWEBDEF.txt,69e06e2665458775dd149e289e655df86571a92006cc794f31df1c331255495d,2026,3,27,31,latin-1,SCHEMA_FALLBACK_AFTER_UTF8_FAILURE,191,191,191,451,451,0,0,0,ALREADY_PRESENT,ALREADY_EXTRACTED,INSPECTED,2026-09-06T00:06:47.581845+00:00,1.0,OK
1.0,defunciones,,https://www.tse.go.cr/descarga_movimientos.html,def_mayo2026_01_07.zip,defunciones\movimientos\2026\05_mayo\01_07\def_mayo2026_01_07.zip,399b52bca2649394fdc71eb85c349b0a208827abcb035e867aad550662d8c53a,34405,MOVWEBDEF.txt,defunciones\def_mayo2026_01_07\MOVWEBDEF.txt,8a18feb7c58f35fb6d2819c7cc8296e94c002000bb689a1e2698ed0dea7a6499,2026,5,1,7,latin-1,SCHEMA_FALLBACK_AFTER_UTF8_FAILURE,191,191,191,562,562,0,0,0,ALREADY_PRESENT,ALREADY_EXTRACTED,INSPECTED,2026-09-06T00:06:47.615992+00:00,1.0,OK
1.0,defunciones,,https://www.tse.go.cr/descarga_movimientos.html,def_mayo2026_08_14.zip,defunciones\movimientos\2026\05_mayo\08_14\def_mayo2026_08_14.zip,55141c9ed3d78b82b9a0748b63492dae057c7fdda2f861ca2dc0df1f08ad53ca,36379,MOVWEBDEF.txt,defunciones\def_mayo2026_08_14\MOVWEBDEF.txt,34aa26b3950214b5d3f87d1231fa3c89d3d6f98d5d0adf2059b79f7ae69cf7fc,2026,5,8,14,latin-1,SCHEMA_FALLBACK_AFTER_UTF8_FAILURE,191,191,191,624,624,0,0,0,ALREADY_PRESENT,ALREADY_EXTRACTED,INSPECTED,2026-09-06T00:06:47.619996+00:00,1.0,OK
1.0,defunciones,,https://www.tse.go.cr/descarga_movimientos.html,def_mayo2026_15_21.zip,defunciones\movimientos\2026\05_mayo\15_21\def_mayo2026_15_21.zip,dcc7d7cf4a606188d9386e0f6b12d93772c9f4a3f350e40f27cdcbea1cae7720,43331,MOVWEBDEF.txt,defunciones\def_mayo2026_15_21\MOVWEBDEF.txt,745af10ecfb447bc2c7e66c7aaf1be5f864fb2a1bf8ed688505cecea4462bbae,2026,5,15,21,latin-1,SCHEMA_FALLBACK_AFTER_UTF8_FAILURE,191,191,191,883,883,0,0,0,ALREADY_PRESENT,ALREADY_EXTRACTED,INSPECTED,2026-09-06T00:06:47.623225+00:00,1.0,OK
1.0,defunciones,,https://www.tse.go.cr/descarga_movimientos.html,def_mayo2026_22_28.zip,defunciones\movimientos\2026\05_mayo\22_28\def_mayo2026_22_28.zip,f20945fd95d887f58c9a72fa38ec42ffb4cd43392700925ff9c4eb8b0fcfb013,39426,MOVWEBDEF.txt,defunciones\def_mayo2026_22_28\MOVWEBDEF.txt,6287a3908d40deb64530f3bcfe3fa1216829e5823c778ef3375a9237308adef2,2026,5,22,28,latin-1,SCHEMA_FALLBACK_AFTER_UTF8_FAILURE,191,191,191,712,712,0,0,0,ALREADY_PRESENT,ALREADY_EXTRACTED,INSPECTED,2026-09-06T00:06:47.631845+00:00,1.0,OK
1.0,defunciones,,https://www.tse.go.cr/descarga_movimientos.html,def_mayo2026_29_31.zip,defunciones\movimientos\2026\05_mayo\29_31\def_mayo2026_29_31.zip,3e844db948d1ddcbc9e82c93e1fbd91c7802577b357ec919f55b6cd9ce140335,31016,MOVWEBDEF.txt,defunciones\def_mayo2026_29_31\MOVWEBDEF.txt,840466fbd9e65d0b2811d67d4d2f85f0ed9deb23962ff46514087bab54beb995,2026,5,29,31,latin-1,SCHEMA_FALLBACK_AFTER_UTF8_FAILURE,191,191,191,414,414,0,0,0,ALREADY_PRESENT,ALREADY_EXTRACTED,INSPECTED,2026-09-06T00:06:47.631845+00:00,1.0,OK
1.0,matrimonios,,https://www.tse.go.cr/descarga_movimientos.html,mat_abril2026_01_02.zip,matrimonios\movimientos\2026\04_abril\01_02\mat_abril2026_01_02.zip,87d0eeeef2d54b7bc2828f879727ca09b4c2a0b664798c314f8a57d8667745ed,16501,MOVWEBMAT.txt,matrimonios\mat_abril2026_01_02\MOVWEBMAT.txt,0ccbc14bfd6dd39a23358f8efbd4c26b9492d8e29926e8b06ac3906ebfaff100,2026,4,1,2,utf-8,UTF8_STRICT,328,328,328,2,2,0,0,0,ALREADY_PRESENT,ALREADY_EXTRACTED,INSPECTED,2026-09-06T00:06:47.754875+00:00,1.0,OK
1.0,matrimonios,,https://www.tse.go.cr/descarga_movimientos.html,mat_abril2026_03_09.zip,matrimonios\movimientos\2026\04_abril\03_09\mat_abril2026_03_09.zip,677e8975edd5268f3f6fc308c78466cdec16e001b651e4bdd3d15ea859dac368,37969,MOVWEBMAT.txt,matrimonios\mat_abril2026_03_09\MOVWEBMAT.txt,e163844baace640a6378b6b05e548da95fa2452581933c1ec8a98a68ff52a119,2026,4,3,9,latin-1,SCHEMA_FALLBACK_AFTER_UTF8_FAILURE,328,328,328,410,410,0,0,0,ALREADY_PRESENT,ALREADY_EXTRACTED,INSPECTED,2026-09-06T00:06:47.756326+00:00,1.0,OK
1.0,matrimonios,,https://www.tse.go.cr/descarga_movimientos.html,mat_abril2026_10_16.zip,matrimonios\movimientos\2026\04_abril\10_16\mat_abril2026_10_16.zip,46bdabe1730779afd660be96bf1eed9942fce695a7f69faa22fa4f76874cdb20,71163,MOVWEBMAT.txt,matrimonios\mat_abril2026_10_16\MOVWEBMAT.txt,8d081a6a38ae8c8389389b99fdd0491a56a24dac70d889507cb0755cb896dd9e,2026,4,10,16,latin-1,SCHEMA_FALLBACK_AFTER_UTF8_FAILURE,328,328,328,1189,1189,0,0,0,ALREADY_PRESENT,ALREADY_EXTRACTED,INSPECTED,2026-09-06T00:06:47.761772+00:00,1.0,OK
1.0,matrimonios,,https://www.tse.go.cr/descarga_movimientos.html,mat_abril2026_17_23.zip,matrimonios\movimientos\2026\04_abril\17_23\mat_abril2026_17_23.zip,b7f00646402324c2dbddb219255267d3843d2564ccc74d14782ea6eb2a6297ec,71945,MOVWEBMAT.txt,matrimonios\mat_abril2026_17_23\MOVWEBMAT.txt,6c175ce41307c9b427fa2971e30dd8b00fb05817a604530d00810362fddd4930,2026,4,17,23,latin-1,SCHEMA_FALLBACK_AFTER_UTF8_FAILURE,328,328,328,1216,1216,0,0,0,ALREADY_PRESENT,ALREADY_EXTRACTED,INSPECTED,2026-09-06T00:06:47.761772+00:00,1.0,OK
1.0,matrimonios,,https://www.tse.go.cr/descarga_movimientos.html,mat_abril2026_24_30.zip,matrimonios\movimientos\2026\04_abril\24_30\mat_abril2026_24_30.zip,aac205c7c13bd824d4b3f4d989855e77c57125d07a1f25e14e6e2ad5528f77ad,71860,MOVWEBMAT.txt,matrimonios\mat_abril2026_24_30\MOVWEBMAT.txt,da1b80ff6717e7ba085dcd2f11189991ab64af119b6ce86643607bce7d662792,2026,4,24,30,latin-1,SCHEMA_FALLBACK_AFTER_UTF8_FAILURE,328,328,328,1210,1210,0,0,0,ALREADY_PRESENT,ALREADY_EXTRACTED,INSPECTED,2026-09-06T00:06:47.772985+00:00,1.0,OK
1.0,matrimonios,,https://www.tse.go.cr/descarga_movimientos.html,mat_agosto2026_01_06.zip,matrimonios\movimientos\2026\08_agosto\01_06\mat_agosto2026_01_06.zip,003a4865c9d1a5f9905fb1b81b807fa88e69e45cf6873dc95302aae104c160ed,48270,MOVWEBMAT.txt,matrimonios\mat_agosto2026_01_06\MOVWEBMAT.txt,2d41a025971c8c70fdb6907a5ceba5e448585bdcdc1fc6ff884f61c09962affe,2026,8,1,6,latin-1,SCHEMA_FALLBACK_AFTER_UTF8_FAILURE,328,328,328,697,697,0,0,0,ALREADY_PRESENT,ALREADY_EXTRACTED,INSPECTED,2026-09-06T00:06:47.851793+00:00,1.0,OK
1.0,matrimonios,,https://www.tse.go.cr/descarga_movimientos.html,mat_febrero2026_01_05.zip,matrimonios\movimientos\2026\02_febrero\01_05\mat_febrero2026_01_05.zip,b98f9dc1cf938bdd2c5b1cee3671f29bc28ef1575835fd2a9cdf30bfd25e1497,48195,MOVWEBMAT.txt,matrimonios\mat_febrero2026_01_05\MOVWEBMAT.txt,94438556653b0bdee48566e453eccf533ca3d5c958d2638c83a7ce52d926321e,2026,2,1,5,latin-1,SCHEMA_FALLBACK_AFTER_UTF8_FAILURE,328,328,328,740,740,0,0,0,ALREADY_PRESENT,ALREADY_EXTRACTED,INSPECTED,2026-09-06T00:06:47.694304+00:00,1.0,OK
1.0,matrimonios,,https://www.tse.go.cr/descarga_movimientos.html,mat_febrero2026_06_12.zip,matrimonios\movimientos\2026\02_febrero\06_12\mat_febrero2026_06_12.zip,c98a2c22107e866b703297a0e64c78b64ae08a2356d2c1218434be553fc451a4,49022,MOVWEBMAT.txt,matrimonios\mat_febrero2026_06_12\MOVWEBMAT.txt,b9db3f6f9bbf5a4c7d8e3085789bbcec5d5dc80f6b53c788d268c0c8ba4fc42d,2026,2,6,12,latin-1,SCHEMA_FALLBACK_AFTER_UTF8_FAILURE,328,328,328,689,689,0,0,0,ALREADY_PRESENT,ALREADY_EXTRACTED,INSPECTED,2026-09-06T00:06:47.701613+00:00,1.0,OK
1.0,matrimonios,,https://www.tse.go.cr/descarga_movimientos.html,mat_febrero2026_13_19.zip,matrimonios\movimientos\2026\02_febrero\13_19\mat_febrero2026_13_19.zip,3a696eefc7e2b9869203fcea8b357cae40b7084c4fcf5f243160b69450a178af,52849,MOVWEBMAT.txt,matrimonios\mat_febrero2026_13_19\MOVWEBMAT.txt,3103fe19f5938c4952eeaa2c45d91410263e4cdf6270dd19f21ed8e6ca81b6e0,2026,2,13,19,latin-1,SCHEMA_FALLBACK_AFTER_UTF8_FAILURE,328,328,328,798,798,0,0,0,ALREADY_PRESENT,ALREADY_EXTRACTED,INSPECTED,2026-09-06T00:06:47.706385+00:00,1.0,OK
1.0,matrimonios,,https://www.tse.go.cr/descarga_movimientos.html,mat_febrero2026_20_26.zip,matrimonios\movimientos\2026\02_febrero\20_26\mat_febrero2026_20_26.zip,ab98f7256111b155d95d220c034102ddc0234a1b170c002bd34c2eb77c0742af,45333,MOVWEBMAT.txt,matrimonios\mat_febrero2026_20_26\MOVWEBMAT.txt,b7abce38d48ab3bb2043378b10044c7a2d8b07590f1cbec6997e93c98745b5d3,2026,2,20,26,latin-1,SCHEMA_FALLBACK_AFTER_UTF8_FAILURE,328,328,328,606,606,0,0,0,ALREADY_PRESENT,ALREADY_EXTRACTED,INSPECTED,2026-09-06T00:06:47.711850+00:00,1.0,OK
1.0,matrimonios,,https://www.tse.go.cr/descarga_movimientos.html,mat_febrero2026_27_28.zip,matrimonios\movimientos\2026\02_febrero\27_28\mat_febrero2026_27_28.zip,246f08a08c0dcd720e236fd5dca2208798e959956b0eea71bd25302ad0ab3456,33167,MOVWEBMAT.txt,matrimonios\mat_febrero2026_27_28\MOVWEBMAT.txt,a2b6751a255d4c233a0d183461fb0c76dda3c0fb82fd7e0dbd10598feedef2b4,2026,2,27,28,latin-1,SCHEMA_FALLBACK_AFTER_UTF8_FAILURE,328,328,328,334,334,0,0,0,ALREADY_PRESENT,ALREADY_EXTRACTED,INSPECTED,2026-09-06T00:06:47.711850+00:00,1.0,OK
1.0,matrimonios,,https://www.tse.go.cr/descarga_movimientos.html,mat_julio2026_01_02.zip,matrimonios\movimientos\2026\07_julio\01_02\mat_julio2026_01_02.zip,3bbcc9a16828b51bd3263495cc8b49882f11695dae905bea1e3118b0f1861ff0,24891,MOVWEBMAT.txt,matrimonios\mat_julio2026_01_02\MOVWEBMAT.txt,0cf3fe24cc8f8f3068f13be6724a9ad7330a0ddf6576f0801373eeabfa4b8a06,2026,7,1,2,latin-1,SCHEMA_FALLBACK_AFTER_UTF8_FAILURE,328,328,328,167,167,0,0,0,ALREADY_PRESENT,ALREADY_EXTRACTED,INSPECTED,2026-09-06T00:06:47.822899+00:00,1.0,OK
1.0,matrimonios,,https://www.tse.go.cr/descarga_movimientos.html,mat_julio2026_03_09.zip,matrimonios\movimientos\2026\07_julio\03_09\mat_julio2026_03_09.zip,d740b19ccdfd44b88e0004079d5bea518425d2d5825485cc5b7277a627a6138b,54236,MOVWEBMAT.txt,matrimonios\mat_julio2026_03_09\MOVWEBMAT.txt,8d83df98a23b8b951344167fbb2e6d3fc2a60a248db0c1120c8519b1a0b05365,2026,7,3,9,latin-1,SCHEMA_FALLBACK_AFTER_UTF8_FAILURE,328,328,328,831,831,0,0,0,ALREADY_PRESENT,ALREADY_EXTRACTED,INSPECTED,2026-09-06T00:06:47.831784+00:00,1.0,OK
1.0,matrimonios,,https://www.tse.go.cr/descarga_movimientos.html,mat_julio2026_10_16.zip,matrimonios\movimientos\2026\07_julio\10_16\mat_julio2026_10_16.zip,9a699431a2c1b7bbef5c59c928c8cd8d8bf199e421a322cb3597eaeace69b6da,51319,MOVWEBMAT.txt,matrimonios\mat_julio2026_10_16\MOVWEBMAT.txt,9ebae2c8ca3562d949da27df528f201d8ae8a882aba10118ace327c952f6c21d,2026,7,10,16,latin-1,SCHEMA_FALLBACK_AFTER_UTF8_FAILURE,328,328,328,717,717,0,0,0,ALREADY_PRESENT,ALREADY_EXTRACTED,INSPECTED,2026-09-06T00:06:47.838174+00:00,1.0,OK
1.0,matrimonios,,https://www.tse.go.cr/descarga_movimientos.html,mat_julio2026_17_23.zip,matrimonios\movimientos\2026\07_julio\17_23\mat_julio2026_17_23.zip,882d440a5990d377d1bb6b29607c1d0f04fdbdb9b6827d55ae1902a3445c6afd,53968,MOVWEBMAT.txt,matrimonios\mat_julio2026_17_23\MOVWEBMAT.txt,36781f60ff622704415ec05ef90f5857045b7f2c4fa321fab75e9661c0a6c521,2026,7,17,23,latin-1,SCHEMA_FALLBACK_AFTER_UTF8_FAILURE,328,328,328,783,783,0,0,0,ALREADY_PRESENT,ALREADY_EXTRACTED,INSPECTED,2026-09-06T00:06:47.841618+00:00,1.0,OK
1.0,matrimonios,,https://www.tse.go.cr/descarga_movimientos.html,mat_julio2026_24_31.zip,matrimonios\movimientos\2026\07_julio\24_31\mat_julio2026_24_31.zip,74722de3c9c3ab9d4e37d946b1b2b8598f03176dfafa5cfb79930ee25cb569b9,59735,MOVWEBMAT.txt,matrimonios\mat_julio2026_24_31\MOVWEBMAT.txt,5639ef85efc39e29aa53d70b19b45091e01126a0a30a3ef6d76a7b0eb4e837bb,2026,7,24,31,latin-1,SCHEMA_FALLBACK_AFTER_UTF8_FAILURE,328,328,328,900,900,0,0,0,ALREADY_PRESENT,ALREADY_EXTRACTED,INSPECTED,2026-09-06T00:06:47.847145+00:00,1.0,OK
1.0,matrimonios,,https://www.tse.go.cr/descarga_movimientos.html,mat_junio2026_01_04.zip,matrimonios\movimientos\2026\06_junio\01_04\mat_junio2026_01_04.zip,818a12f77eb3928d729f090476ac73321a91953152d01d3221125d4b17524211,35024,MOVWEBMAT.txt,matrimonios\mat_junio2026_01_04\MOVWEBMAT.txt,60f9263c45edcc02734d946b46ad4e43ec89e369a0da7296a329e4eeb1c3b380,2026,6,1,4,latin-1,SCHEMA_FALLBACK_AFTER_UTF8_FAILURE,328,328,328,377,377,0,0,0,ALREADY_PRESENT,ALREADY_EXTRACTED,INSPECTED,2026-09-06T00:06:47.801778+00:00,1.0,OK
1.0,matrimonios,,https://www.tse.go.cr/descarga_movimientos.html,mat_junio2026_05_11.zip,matrimonios\movimientos\2026\06_junio\05_11\mat_junio2026_05_11.zip,9b9083e14648aeafe61ef3bc2170112d1d5303a3d6225289461273b34dd20de2,55304,MOVWEBMAT.txt,matrimonios\mat_junio2026_05_11\MOVWEBMAT.txt,d06f8fca23b2f70cb5cec280c2a47172210665d3fa06aa0c933b969109dcc36d,2026,6,5,11,latin-1,SCHEMA_FALLBACK_AFTER_UTF8_FAILURE,328,328,328,797,797,0,0,0,ALREADY_PRESENT,ALREADY_EXTRACTED,INSPECTED,2026-09-06T00:06:47.810419+00:00,1.0,OK
1.0,matrimonios,,https://www.tse.go.cr/descarga_movimientos.html,mat_junio2026_12_18.zip,matrimonios\movimientos\2026\06_junio\12_18\mat_junio2026_12_18.zip,9bbaca28743bea685c9418336c95d3c3500abde2d3f47417f9394e66fb277a47,51364,MOVWEBMAT.txt,matrimonios\mat_junio2026_12_18\MOVWEBMAT.txt,8109b8fc2956076724ff8550438432b20c0585559641192769bdbec806796492,2026,6,12,18,latin-1,SCHEMA_FALLBACK_AFTER_UTF8_FAILURE,328,328,328,758,758,0,0,0,ALREADY_PRESENT,ALREADY_EXTRACTED,INSPECTED,2026-09-06T00:06:47.811925+00:00,1.0,OK
1.0,matrimonios,,https://www.tse.go.cr/descarga_movimientos.html,mat_junio2026_19_25.zip,matrimonios\movimientos\2026\06_junio\19_25\mat_junio2026_19_25.zip,31b8ac317a2142d83c9eddf3204321b8df937404b4077ff14931eecf2c7f707c,48240,MOVWEBMAT.txt,matrimonios\mat_junio2026_19_25\MOVWEBMAT.txt,1eaea94052413e2bcc2e325cb082c3041a058a355f07ad02eb0e9b7114ba99c7,2026,6,19,25,latin-1,SCHEMA_FALLBACK_AFTER_UTF8_FAILURE,328,328,328,658,658,0,0,0,ALREADY_PRESENT,ALREADY_EXTRACTED,INSPECTED,2026-09-06T00:06:47.811925+00:00,1.0,OK
1.0,matrimonios,,https://www.tse.go.cr/descarga_movimientos.html,mat_junio2026_26_30.zip,matrimonios\movimientos\2026\06_junio\26_30\mat_junio2026_26_30.zip,c83ebce83f864a84414f4b7ad9eeb4165d690fa09747425d829468df457246b2,43950,MOVWEBMAT.txt,matrimonios\mat_junio2026_26_30\MOVWEBMAT.txt,b1a48bd91385a6d7b13644f787cffccc06a95fb942bebb5c9622123f5b3cb071,2026,6,26,30,latin-1,SCHEMA_FALLBACK_AFTER_UTF8_FAILURE,328,328,328,561,561,0,0,0,ALREADY_PRESENT,ALREADY_EXTRACTED,INSPECTED,2026-09-06T00:06:47.822899+00:00,1.0,OK
1.0,matrimonios,,https://www.tse.go.cr/descarga_movimientos.html,mat_marzo2026_01_05.zip,matrimonios\movimientos\2026\03_marzo\01_05\mat_marzo2026_01_05.zip,059dd06094b8cab5a096cc0d906a947fd27f75cb625023bd3d45a953855ca810,39876,MOVWEBMAT.txt,matrimonios\mat_marzo2026_01_05\MOVWEBMAT.txt,4f59aae2fdbb186ede0160242e5f8dc115f92bfa375b1576732a066545244869,2026,3,1,5,latin-1,SCHEMA_FALLBACK_AFTER_UTF8_FAILURE,328,328,328,466,466,0,0,0,ALREADY_PRESENT,ALREADY_EXTRACTED,INSPECTED,2026-09-06T00:06:47.726786+00:00,1.0,OK
1.0,matrimonios,,https://www.tse.go.cr/descarga_movimientos.html,mat_marzo2026_06_12.zip,matrimonios\movimientos\2026\03_marzo\06_12\mat_marzo2026_06_12.zip,9c9c8d303df41f2b8af2e718eebc735a051b6ee753a3071e681a917576c065cd,50912,MOVWEBMAT.txt,matrimonios\mat_marzo2026_06_12\MOVWEBMAT.txt,7b15572c3a2fea40f5083f98005b03cf9b4246647ad9fcfba85b2ead41e381f2,2026,3,6,12,latin-1,SCHEMA_FALLBACK_AFTER_UTF8_FAILURE,328,328,328,691,691,0,0,0,ALREADY_PRESENT,ALREADY_EXTRACTED,INSPECTED,2026-09-06T00:06:47.731952+00:00,1.0,OK
1.0,matrimonios,,https://www.tse.go.cr/descarga_movimientos.html,mat_marzo2026_13_19.zip,matrimonios\movimientos\2026\03_marzo\13_19\mat_marzo2026_13_19.zip,7075ac236f702f0a5112b31d19e16a0d8e25a7e19f4136b50daa880aa3b3ae3d,56825,MOVWEBMAT.txt,matrimonios\mat_marzo2026_13_19\MOVWEBMAT.txt,e1eac505008a1fc373b8909f31e3762da9bc8b747b9b51421207c5f0c74acd10,2026,3,13,19,latin-1,SCHEMA_FALLBACK_AFTER_UTF8_FAILURE,328,328,328,843,843,0,0,0,ALREADY_PRESENT,ALREADY_EXTRACTED,INSPECTED,2026-09-06T00:06:47.738305+00:00,1.0,OK
1.0,matrimonios,,https://www.tse.go.cr/descarga_movimientos.html,mat_marzo2026_20_26.zip,matrimonios\movimientos\2026\03_marzo\20_26\mat_marzo2026_20_26.zip,2c8791456b0c738afaf4706b481197cc35a52c7851733c9456d60e0758e51f4d,51411,MOVWEBMAT.txt,matrimonios\mat_marzo2026_20_26\MOVWEBMAT.txt,5d5e82df587017e0ef6f0f283993dd4fa0c88552569751e764732c52f7e407f8,2026,3,20,26,latin-1,SCHEMA_FALLBACK_AFTER_UTF8_FAILURE,328,328,328,751,751,0,0,0,ALREADY_PRESENT,ALREADY_EXTRACTED,INSPECTED,2026-09-06T00:06:47.741831+00:00,1.0,OK
1.0,matrimonios,,https://www.tse.go.cr/descarga_movimientos.html,mat_marzo2026_27_31.zip,matrimonios\movimientos\2026\03_marzo\27_31\mat_marzo2026_27_31.zip,7f9df8d2ad22292bccb855e183598cee6a451ad3c20a88ec0b04f173832cf28a,34123,MOVWEBMAT.txt,matrimonios\mat_marzo2026_27_31\MOVWEBMAT.txt,59bc76360a66e24ece04b76fe22fb15116652948524dbe8fa1f2ee85e7a8a2e5,2026,3,27,31,latin-1,SCHEMA_FALLBACK_AFTER_UTF8_FAILURE,328,328,328,392,392,0,0,0,ALREADY_PRESENT,ALREADY_EXTRACTED,INSPECTED,2026-09-06T00:06:47.746732+00:00,1.0,OK
1.0,matrimonios,,https://www.tse.go.cr/descarga_movimientos.html,mat_mayo2026_01_07.zip,matrimonios\movimientos\2026\05_mayo\01_07\mat_mayo2026_01_07.zip,4ba69e194cf8d839ee6d38629d14c3e99ffefe40b1929de1323dc3633ce92c84,42504,MOVWEBMAT.txt,matrimonios\mat_mayo2026_01_07\MOVWEBMAT.txt,b6ad349d69d1057e4401c44d6a2952371a6e9ad803d3d76ddf2d660f9a666844,2026,5,1,7,latin-1,SCHEMA_FALLBACK_AFTER_UTF8_FAILURE,328,328,328,512,512,0,0,0,ALREADY_PRESENT,ALREADY_EXTRACTED,INSPECTED,2026-09-06T00:06:47.781854+00:00,1.0,OK
1.0,matrimonios,,https://www.tse.go.cr/descarga_movimientos.html,mat_mayo2026_08_14.zip,matrimonios\movimientos\2026\05_mayo\08_14\mat_mayo2026_08_14.zip,fb29177b91dc9ab1ff618cceea3f0e04bdbec8524e9f7d1b1223621eb2a74cc9,41516,MOVWEBMAT.txt,matrimonios\mat_mayo2026_08_14\MOVWEBMAT.txt,a15e31cc154d5f0b8e17d37b6dd52cdf9a8460b30e55b0b9118fb2643d8eea47,2026,5,8,14,latin-1,SCHEMA_FALLBACK_AFTER_UTF8_FAILURE,328,328,328,503,503,0,0,0,ALREADY_PRESENT,ALREADY_EXTRACTED,INSPECTED,2026-09-06T00:06:47.781854+00:00,1.0,OK
1.0,matrimonios,,https://www.tse.go.cr/descarga_movimientos.html,mat_mayo2026_15_21.zip,matrimonios\movimientos\2026\05_mayo\15_21\mat_mayo2026_15_21.zip,f67d34c802a4af6174b08fcff3ecd645ff77d35e4825658bbe7a2a6d6ac7d3b3,52964,MOVWEBMAT.txt,matrimonios\mat_mayo2026_15_21\MOVWEBMAT.txt,fb2014dff861cfdb20d3d73f519164105026e6fd5d7a0cd196128a92ef5f0dd7,2026,5,15,21,latin-1,SCHEMA_FALLBACK_AFTER_UTF8_FAILURE,328,328,328,750,750,0,0,0,ALREADY_PRESENT,ALREADY_EXTRACTED,INSPECTED,2026-09-06T00:06:47.791680+00:00,1.0,OK
1.0,matrimonios,,https://www.tse.go.cr/descarga_movimientos.html,mat_mayo2026_22_28.zip,matrimonios\movimientos\2026\05_mayo\22_28\mat_mayo2026_22_28.zip,3e32c6be6bceaf4305ad0ea22617dbd151337e2f796a802f10b3b993f17e4a9c,56319,MOVWEBMAT.txt,matrimonios\mat_mayo2026_22_28\MOVWEBMAT.txt,6b1375469f7a14a78f9b9231e671ce3eb53ed323d5657904a58186fbafca911a,2026,5,22,28,latin-1,SCHEMA_FALLBACK_AFTER_UTF8_FAILURE,328,328,328,821,821,0,0,0,ALREADY_PRESENT,ALREADY_EXTRACTED,INSPECTED,2026-09-06T00:06:47.796220+00:00,1.0,OK
1.0,matrimonios,,https://www.tse.go.cr/descarga_movimientos.html,mat_mayo2026_29_31.zip,matrimonios\movimientos\2026\05_mayo\29_31\mat_mayo2026_29_31.zip,37fe7c409bf73d95107a8893f8912968c7490e41ae0dd702383998c12ecc8ce7,34402,MOVWEBMAT.txt,matrimonios\mat_mayo2026_29_31\MOVWEBMAT.txt,06fb10635826a8b80af7fc9a7badf1ca99390efe9d0c16b914cf9f46a05d539d,2026,5,29,31,latin-1,SCHEMA_FALLBACK_AFTER_UTF8_FAILURE,328,328,328,377,377,0,0,0,ALREADY_PRESENT,ALREADY_EXTRACTED,INSPECTED,2026-09-06T00:06:47.798225+00:00,1.0,OK
1.0,nacimientos,,https://www.tse.go.cr/descarga_movimientos.html,nac_abril2026_01_02.zip,nacimientos\movimientos\2026\04_abril\01_02\nac_abril2026_01_02.zip,199aa2dce83de0f9f2e1030d2e0a9128599ba5a3edbe2fc80bf75e7de5855005,17799,MOVWEBNAC.txt,nacimientos\nac_abril2026_01_02\MOVWEBNAC.txt,e7b2a7d49465c3a47250970f07c742b6bf1dc6d6db6c848c773b4f4930e489df,2026,4,1,2,utf-8,UTF8_STRICT,281,281,281,2,2,0,0,0,ALREADY_PRESENT,ALREADY_EXTRACTED,INSPECTED,2026-09-06T00:06:47.911871+00:00,1.0,OK
1.0,nacimientos,,https://www.tse.go.cr/descarga_movimientos.html,nac_abril2026_03_09.zip,nacimientos\movimientos\2026\04_abril\03_09\nac_abril2026_03_09.zip,b4ab6670b3ef6534014d9690e7456f30615fdaea9bf77898b248975412ab9585,95397,MOVWEBNAC.txt,nacimientos\nac_abril2026_03_09\MOVWEBNAC.txt,bfded862903964400a6df4e16d087d9f76e6ca13e5450c0506407ff44adda76b,2026,4,3,9,latin-1,SCHEMA_FALLBACK_AFTER_UTF8_FAILURE,281,281,281,1412,1412,0,0,0,ALREADY_PRESENT,ALREADY_EXTRACTED,INSPECTED,2026-09-06T00:06:47.922939+00:00,1.0,OK
1.0,nacimientos,,https://www.tse.go.cr/descarga_movimientos.html,nac_abril2026_10_16.zip,nacimientos\movimientos\2026\04_abril\10_16\nac_abril2026_10_16.zip,0caace6140378e1002ad2a6890bc5f1d3793a08811349cb4589761527bf8a78d,132983,MOVWEBNAC.txt,nacimientos\nac_abril2026_10_16\MOVWEBNAC.txt,38b060bf8ab9fdf1ddce1295c74e2b43cc9978f8c41c97040a60a872e8946ba5,2026,4,10,16,latin-1,SCHEMA_FALLBACK_AFTER_UTF8_FAILURE,281,281,281,2042,2042,0,0,0,ALREADY_PRESENT,ALREADY_EXTRACTED,INSPECTED,2026-09-06T00:06:47.931642+00:00,1.0,OK
1.0,nacimientos,,https://www.tse.go.cr/descarga_movimientos.html,nac_abril2026_17_23.zip,nacimientos\movimientos\2026\04_abril\17_23\nac_abril2026_17_23.zip,4b125a588094d8c338dbdf3cfc715f909fd026c659e01dd9d1ff5447cb812197,139655,MOVWEBNAC.txt,nacimientos\nac_abril2026_17_23\MOVWEBNAC.txt,77c73d450321593cf78c6258c76c75f5ea35963fe30081fc44a4c934d604d072,2026,4,17,23,latin-1,SCHEMA_FALLBACK_AFTER_UTF8_FAILURE,281,281,281,2019,2019,0,0,0,ALREADY_PRESENT,ALREADY_EXTRACTED,INSPECTED,2026-09-06T00:06:47.939630+00:00,1.0,OK
1.0,nacimientos,,https://www.tse.go.cr/descarga_movimientos.html,nac_abril2026_24_30.zip,nacimientos\movimientos\2026\04_abril\24_30\nac_abril2026_24_30.zip,a86bb4fc72957ce475eee057a5db791ac741f286a5cf7e7df574d3cd58a3ab4c,160882,MOVWEBNAC.txt,nacimientos\nac_abril2026_24_30\MOVWEBNAC.txt,9a030daf4d509d149dcca87445265d35ee8a4d1fee4b1b92bac9813bdb145576,2026,4,24,30,latin-1,SCHEMA_FALLBACK_AFTER_UTF8_FAILURE,281,281,281,2524,2524,0,0,0,ALREADY_PRESENT,ALREADY_EXTRACTED,INSPECTED,2026-09-06T00:06:47.947665+00:00,1.0,OK
1.0,nacimientos,,https://www.tse.go.cr/descarga_movimientos.html,nac_agosto2026_01_06.zip,nacimientos\movimientos\2026\08_agosto\01_06\nac_agosto2026_01_06.zip,c2d02bdcb2cd4e99e65bc6bd2450573abe85b40d48a551752538d042f81c8885,104072,MOVWEBNAC.txt,nacimientos\nac_agosto2026_01_06\MOVWEBNAC.txt,030460dde95575647de5dfb2953f86d996a9a6732e8913c2a3fc647b4cc4e1ab,2026,8,1,6,latin-1,SCHEMA_FALLBACK_AFTER_UTF8_FAILURE,281,281,281,1469,1469,0,0,0,ALREADY_PRESENT,ALREADY_EXTRACTED,INSPECTED,2026-09-06T00:06:48.061633+00:00,1.0,OK
1.0,nacimientos,,https://www.tse.go.cr/descarga_movimientos.html,nac_febrero2026_01_05.zip,nacimientos\movimientos\2026\02_febrero\01_05\nac_febrero2026_01_05.zip,2a5ff693ad2dcf0bc53690cacb38f670e365aa2c7ce8d81f9a50ff38a0a05fa9,82697,MOVWEBNAC.txt,nacimientos\nac_febrero2026_01_05\MOVWEBNAC.txt,1dfb27d16a57c135dfd064bf3f4195f3ac7202ef4ef9076f1e6ec0f8cf4d276f,2026,2,1,5,latin-1,SCHEMA_FALLBACK_AFTER_UTF8_FAILURE,281,281,281,1168,1168,0,0,0,ALREADY_PRESENT,ALREADY_EXTRACTED,INSPECTED,2026-09-06T00:06:47.856239+00:00,1.0,OK
1.0,nacimientos,,https://www.tse.go.cr/descarga_movimientos.html,nac_febrero2026_06_12.zip,nacimientos\movimientos\2026\02_febrero\06_12\nac_febrero2026_06_12.zip,4ed1e46dbe37cf8329350de1d36566ed764599ef77288112ae9ad84c871020d6,122336,MOVWEBNAC.txt,nacimientos\nac_febrero2026_06_12\MOVWEBNAC.txt,db2d3f2e054846140a5c06c05aa30f3f74891a08f4360ca92bbce5187d8d6e93,2026,2,6,12,latin-1,SCHEMA_FALLBACK_AFTER_UTF8_FAILURE,281,281,281,1844,1844,0,0,0,ALREADY_PRESENT,ALREADY_EXTRACTED,INSPECTED,2026-09-06T00:06:47.861761+00:00,1.0,OK
1.0,nacimientos,,https://www.tse.go.cr/descarga_movimientos.html,nac_febrero2026_13_19.zip,nacimientos\movimientos\2026\02_febrero\13_19\nac_febrero2026_13_19.zip,44582928480727674d9079777e4f448745b9f11ab5f66d3373e6518d9d92e01a,120469,MOVWEBNAC.txt,nacimientos\nac_febrero2026_13_19\MOVWEBNAC.txt,0cef4c783235b8f53a68ead1555fc845fe5c88f8e282af31605228b9569f2cff,2026,2,13,19,latin-1,SCHEMA_FALLBACK_AFTER_UTF8_FAILURE,281,281,281,1833,1833,0,0,0,ALREADY_PRESENT,ALREADY_EXTRACTED,INSPECTED,2026-09-06T00:06:47.871724+00:00,1.0,OK
1.0,nacimientos,,https://www.tse.go.cr/descarga_movimientos.html,nac_febrero2026_20_26.zip,nacimientos\movimientos\2026\02_febrero\20_26\nac_febrero2026_20_26.zip,ed71f56a2599d4cdde895a4bf96cf59a8cf2854bcdc16ddc7f60a46627b624d7,102774,MOVWEBNAC.txt,nacimientos\nac_febrero2026_20_26\MOVWEBNAC.txt,8c0f7f3ed3d7cc0a428b5b2f94b70d8c47011c9c83eed5438590758ddd19df1d,2026,2,20,26,latin-1,SCHEMA_FALLBACK_AFTER_UTF8_FAILURE,281,281,281,1511,1511,0,0,0,ALREADY_PRESENT,ALREADY_EXTRACTED,INSPECTED,2026-09-06T00:06:47.872958+00:00,1.0,OK
1.0,nacimientos,,https://www.tse.go.cr/descarga_movimientos.html,nac_febrero2026_27_28.zip,nacimientos\movimientos\2026\02_febrero\27_28\nac_febrero2026_27_28.zip,3c1b5f9033588d599d7d5ff7605069c4ef6fed2c99f486fc519605e260b19777,63144,MOVWEBNAC.txt,nacimientos\nac_febrero2026_27_28\MOVWEBNAC.txt,0256e2ea9c7cac7f9e410a40dc875d8f060aebeb4106f539e8eb621929482ac8,2026,2,27,28,latin-1,SCHEMA_FALLBACK_AFTER_UTF8_FAILURE,281,281,281,775,775,0,0,0,ALREADY_PRESENT,ALREADY_EXTRACTED,INSPECTED,2026-09-06T00:06:47.882022+00:00,1.0,OK
1.0,nacimientos,,https://www.tse.go.cr/descarga_movimientos.html,nac_julio2026_01_02.zip,nacimientos\movimientos\2026\07_julio\01_02\nac_julio2026_01_02.zip,f0ead40805c6f8cfa03295259b0c08a6040f6e7336d2c1593e958eaa439ba3c7,56484,MOVWEBNAC.txt,nacimientos\nac_julio2026_01_02\MOVWEBNAC.txt,5d0317e964e785ce49a1d6c2809f452f4487bb56d2a13f5d42ba237871af0e34,2026,7,1,2,latin-1,SCHEMA_FALLBACK_AFTER_UTF8_FAILURE,281,281,281,679,679,0,0,0,ALREADY_PRESENT,ALREADY_EXTRACTED,INSPECTED,2026-09-06T00:06:48.023047+00:00,1.0,OK
1.0,nacimientos,,https://www.tse.go.cr/descarga_movimientos.html,nac_julio2026_03_09.zip,nacimientos\movimientos\2026\07_julio\03_09\nac_julio2026_03_09.zip,0ce58ac0c5d07e5ecbb716a3479e4ac838413a8ad59d3b8f008c1b621563c6e3,120109,MOVWEBNAC.txt,nacimientos\nac_julio2026_03_09\MOVWEBNAC.txt,fef590f5fd858679c07bbe2a1f972b58c4c616f530e63d7449b5bab868267039,2026,7,3,9,latin-1,SCHEMA_FALLBACK_AFTER_UTF8_FAILURE,281,281,281,1808,1808,0,0,0,ALREADY_PRESENT,ALREADY_EXTRACTED,INSPECTED,2026-09-06T00:06:48.031679+00:00,1.0,OK
1.0,nacimientos,,https://www.tse.go.cr/descarga_movimientos.html,nac_julio2026_10_16.zip,nacimientos\movimientos\2026\07_julio\10_16\nac_julio2026_10_16.zip,228df59261eae82bc5bf88884ff2e9cf435e7244019d11b3de41b76f96666df5,120100,MOVWEBNAC.txt,nacimientos\nac_julio2026_10_16\MOVWEBNAC.txt,853ee5523d96a181c5501a7ffd47b9b3ac84fad5f357fd6e12018a5add7cf0ba,2026,7,10,16,latin-1,SCHEMA_FALLBACK_AFTER_UTF8_FAILURE,281,281,281,1812,1812,0,0,0,ALREADY_PRESENT,ALREADY_EXTRACTED,INSPECTED,2026-09-06T00:06:48.038229+00:00,1.0,OK
1.0,nacimientos,,https://www.tse.go.cr/descarga_movimientos.html,nac_julio2026_17_23.zip,nacimientos\movimientos\2026\07_julio\17_23\nac_julio2026_17_23.zip,2c371485e600257ebdc7997e124ceb95b89574294a85230ac3ac412fab3b3336,116940,MOVWEBNAC.txt,nacimientos\nac_julio2026_17_23\MOVWEBNAC.txt,73121b203acde8c9b4b5cbe64b251993871b34fde527bc7379f04497abfd6b90,2026,7,17,23,latin-1,SCHEMA_FALLBACK_AFTER_UTF8_FAILURE,281,281,281,1680,1680,0,0,0,ALREADY_PRESENT,ALREADY_EXTRACTED,INSPECTED,2026-09-06T00:06:48.041648+00:00,1.0,OK
1.0,nacimientos,,https://www.tse.go.cr/descarga_movimientos.html,nac_julio2026_24_31.zip,nacimientos\movimientos\2026\07_julio\24_31\nac_julio2026_24_31.zip,1dd748764a24b5ff0c3a4a44bc9c5bae5eed46d3244b57461feef133cd951bd8,158947,MOVWEBNAC.txt,nacimientos\nac_julio2026_24_31\MOVWEBNAC.txt,60451dd66335ea7dac6b32117dc9efab24c313ea98c5f7523455684f4e80f3dc,2026,7,24,31,latin-1,SCHEMA_FALLBACK_AFTER_UTF8_FAILURE,281,281,281,2410,2410,0,0,0,ALREADY_PRESENT,ALREADY_EXTRACTED,INSPECTED,2026-09-06T00:06:48.051972+00:00,1.0,OK
1.0,nacimientos,,https://www.tse.go.cr/descarga_movimientos.html,nac_junio2026_01_04.zip,nacimientos\movimientos\2026\06_junio\01_04\nac_junio2026_01_04.zip,cf2a4212f11cd3fe7511ef0dc81f4853d8d98068790262f79335b53ea393846d,80168,MOVWEBNAC.txt,nacimientos\nac_junio2026_01_04\MOVWEBNAC.txt,17f5e2f51404ea9bb0f1d3aa13bc3a315ff1936f28736f0f2de1b7b462c5409f,2026,6,1,4,latin-1,SCHEMA_FALLBACK_AFTER_UTF8_FAILURE,281,281,281,1105,1105,0,0,0,ALREADY_PRESENT,ALREADY_EXTRACTED,INSPECTED,2026-09-06T00:06:47.981550+00:00,1.0,OK
1.0,nacimientos,,https://www.tse.go.cr/descarga_movimientos.html,nac_junio2026_05_11.zip,nacimientos\movimientos\2026\06_junio\05_11\nac_junio2026_05_11.zip,ee7a15f2ce4b7ffb0e3f02a55243b1d57d925c4fbbec4cb9fbb4f3861ccfbb06,128051,MOVWEBNAC.txt,nacimientos\nac_junio2026_05_11\MOVWEBNAC.txt,7684239ab060618dc2f898f391b2dd588786bea8673b8d791eef96b57ae1d39e,2026,6,5,11,latin-1,SCHEMA_FALLBACK_AFTER_UTF8_FAILURE,281,281,281,1912,1912,0,0,0,ALREADY_PRESENT,ALREADY_EXTRACTED,INSPECTED,2026-09-06T00:06:47.994287+00:00,1.0,OK
1.0,nacimientos,,https://www.tse.go.cr/descarga_movimientos.html,nac_junio2026_12_18.zip,nacimientos\movimientos\2026\06_junio\12_18\nac_junio2026_12_18.zip,e9106cd1da042ab4efbb73e7928ac08f30670ccb65e02dd8e2a656c11887ca36,119400,MOVWEBNAC.txt,nacimientos\nac_junio2026_12_18\MOVWEBNAC.txt,a348d78e239f0d0f7307d3422aecb16ed5f12b9aa93ee70512c17008ae270596,2026,6,12,18,latin-1,SCHEMA_FALLBACK_AFTER_UTF8_FAILURE,281,281,281,1820,1820,0,0,0,ALREADY_PRESENT,ALREADY_EXTRACTED,INSPECTED,2026-09-06T00:06:48.001815+00:00,1.0,OK
1.0,nacimientos,,https://www.tse.go.cr/descarga_movimientos.html,nac_junio2026_19_25.zip,nacimientos\movimientos\2026\06_junio\19_25\nac_junio2026_19_25.zip,1faddbc4f0bb262ba1ddbe8645525386c5f877ee1c4f824414b1ffed98703a7f,120591,MOVWEBNAC.txt,nacimientos\nac_junio2026_19_25\MOVWEBNAC.txt,4e0bcd4964047d6de6f7de5b8ef6c74332fe9b34616321b8837033b0b799c9e0,2026,6,19,25,latin-1,SCHEMA_FALLBACK_AFTER_UTF8_FAILURE,281,281,281,1801,1801,0,0,0,ALREADY_PRESENT,ALREADY_EXTRACTED,INSPECTED,2026-09-06T00:06:48.011588+00:00,1.0,OK
1.0,nacimientos,,https://www.tse.go.cr/descarga_movimientos.html,nac_junio2026_26_30.zip,nacimientos\movimientos\2026\06_junio\26_30\nac_junio2026_26_30.zip,62eb915474ba3938290dd5b2be28225b1d1bbbaf0370c734ca032b4696ea3def,92023,MOVWEBNAC.txt,nacimientos\nac_junio2026_26_30\MOVWEBNAC.txt,85fe8525d55b82436ab38074c4d9bcb4d8222ea4424af5673b07d803a7fc7edf,2026,6,26,30,latin-1,SCHEMA_FALLBACK_AFTER_UTF8_FAILURE,281,281,281,1316,1316,0,0,0,ALREADY_PRESENT,ALREADY_EXTRACTED,INSPECTED,2026-09-06T00:06:48.017621+00:00,1.0,OK
1.0,nacimientos,,https://www.tse.go.cr/descarga_movimientos.html,nac_marzo2026_01_05.zip,nacimientos\movimientos\2026\03_marzo\01_05\nac_marzo2026_01_05.zip,ae0f37f95fd8b9ed56b3b7168ccc1118604e7f4911395b78f3a92af48f2c2c52,95175,MOVWEBNAC.txt,nacimientos\nac_marzo2026_01_05\MOVWEBNAC.txt,d8e881e587f7f6999870d190afb36c82a15a02f3d1809bdec2bf397170804345,2026,3,1,5,latin-1,SCHEMA_FALLBACK_AFTER_UTF8_FAILURE,281,281,281,1374,1374,0,0,0,ALREADY_PRESENT,ALREADY_EXTRACTED,INSPECTED,2026-09-06T00:06:47.888081+00:00,1.0,OK
1.0,nacimientos,,https://www.tse.go.cr/descarga_movimientos.html,nac_marzo2026_06_12.zip,nacimientos\movimientos\2026\03_marzo\06_12\nac_marzo2026_06_12.zip,627305b3dce9c59ee9fbf50edb6718f84b7f07a50f88ac32d01bf5fa09e85888,112656,MOVWEBNAC.txt,nacimientos\nac_marzo2026_06_12\MOVWEBNAC.txt,4745eb9d6beaf8f62217f3b3e8b7cc433b1247256a737f7a9ddbb621e7f352f2,2026,3,6,12,latin-1,SCHEMA_FALLBACK_AFTER_UTF8_FAILURE,281,281,281,1667,1667,0,0,0,ALREADY_PRESENT,ALREADY_EXTRACTED,INSPECTED,2026-09-06T00:06:47.894116+00:00,1.0,OK
1.0,nacimientos,,https://www.tse.go.cr/descarga_movimientos.html,nac_marzo2026_13_19.zip,nacimientos\movimientos\2026\03_marzo\13_19\nac_marzo2026_13_19.zip,9cd8d6b3622322a6283445eda4e2cdc2ad2f1bef498da4ddb77da034e6d6abc8,120764,MOVWEBNAC.txt,nacimientos\nac_marzo2026_13_19\MOVWEBNAC.txt,bc63246737955c7d5b2a96f558c075dc0ba3011f9b5102c28f03c366facaba94,2026,3,13,19,latin-1,SCHEMA_FALLBACK_AFTER_UTF8_FAILURE,281,281,281,1835,1835,0,0,0,ALREADY_PRESENT,ALREADY_EXTRACTED,INSPECTED,2026-09-06T00:06:47.901728+00:00,1.0,OK
1.0,nacimientos,,https://www.tse.go.cr/descarga_movimientos.html,nac_marzo2026_20_26.zip,nacimientos\movimientos\2026\03_marzo\20_26\nac_marzo2026_20_26.zip,0cb0af21efe0e25bdd3d6661793901d882eddbc38f55857795de3d0e19f50d7c,119230,MOVWEBNAC.txt,nacimientos\nac_marzo2026_20_26\MOVWEBNAC.txt,3944b5e84be3f024b7d2cb335b6450a6b368717894c808810eeca0f9cf57af18,2026,3,20,26,latin-1,SCHEMA_FALLBACK_AFTER_UTF8_FAILURE,281,281,281,1793,1793,0,0,0,ALREADY_PRESENT,ALREADY_EXTRACTED,INSPECTED,2026-09-06T00:06:47.909337+00:00,1.0,OK
1.0,nacimientos,,https://www.tse.go.cr/descarga_movimientos.html,nac_marzo2026_27_31.zip,nacimientos\movimientos\2026\03_marzo\27_31\nac_marzo2026_27_31.zip,c096397bb683a9b98ad80c5831530bc28c9d73335a58649c9c7696dc3aaab332,60262,MOVWEBNAC.txt,nacimientos\nac_marzo2026_27_31\MOVWEBNAC.txt,3a24dd3c727fbab9a81b558a9b398d7d598711ea8c832b444bfe6fc2e7fc411a,2026,3,27,31,latin-1,SCHEMA_FALLBACK_AFTER_UTF8_FAILURE,281,281,281,743,743,0,0,0,ALREADY_PRESENT,ALREADY_EXTRACTED,INSPECTED,2026-09-06T00:06:47.911871+00:00,1.0,OK
1.0,nacimientos,,https://www.tse.go.cr/descarga_movimientos.html,nac_mayo2026_01_07.zip,nacimientos\movimientos\2026\05_mayo\01_07\nac_mayo2026_01_07.zip,1bf92f725190e878e8cf0ef8330021a01e0685da7612097e72dca6b1d1024a24,91382,MOVWEBNAC.txt,nacimientos\nac_mayo2026_01_07\MOVWEBNAC.txt,81402af063c4f95fc6c21ee6e837aae1300f36710bb3b0ad389fe087d15b9153,2026,5,1,7,latin-1,SCHEMA_FALLBACK_AFTER_UTF8_FAILURE,281,281,281,1315,1315,0,0,0,ALREADY_PRESENT,ALREADY_EXTRACTED,INSPECTED,2026-09-06T00:06:47.953690+00:00,1.0,OK
1.0,nacimientos,,https://www.tse.go.cr/descarga_movimientos.html,nac_mayo2026_08_14.zip,nacimientos\movimientos\2026\05_mayo\08_14\nac_mayo2026_08_14.zip,f201eb689ce9e827fc5a7ebee807931715a0afe3306c697ab76cc77fb33107ef,98518,MOVWEBNAC.txt,nacimientos\nac_mayo2026_08_14\MOVWEBNAC.txt,b1965110c8d4bed582ed924c3f0c2661208c0dca9da0c7279a778d18f8192e53,2026,5,8,14,latin-1,SCHEMA_FALLBACK_AFTER_UTF8_FAILURE,281,281,281,1421,1421,0,0,0,ALREADY_PRESENT,ALREADY_EXTRACTED,INSPECTED,2026-09-06T00:06:47.961827+00:00,1.0,OK
1.0,nacimientos,,https://www.tse.go.cr/descarga_movimientos.html,nac_mayo2026_15_21.zip,nacimientos\movimientos\2026\05_mayo\15_21\nac_mayo2026_15_21.zip,6af3b4c8de5c76f6fc879d542e15111a95474d8a4c4f88aac51298fa0c16f419,124133,MOVWEBNAC.txt,nacimientos\nac_mayo2026_15_21\MOVWEBNAC.txt,29bc9453286e35e48fff7dfcfabc8a5da0195a91c2e4094405ae9adcfc1145a7,2026,5,15,21,latin-1,SCHEMA_FALLBACK_AFTER_UTF8_FAILURE,281,281,281,1862,1862,0,0,0,ALREADY_PRESENT,ALREADY_EXTRACTED,INSPECTED,2026-09-06T00:06:47.961827+00:00,1.0,OK
1.0,nacimientos,,https://www.tse.go.cr/descarga_movimientos.html,nac_mayo2026_22_28.zip,nacimientos\movimientos\2026\05_mayo\22_28\nac_mayo2026_22_28.zip,c8893c8f8e4ddd29cf51df0d62dd63339b5da833cf001eea3e6c7c8e1edce9f4,131666,MOVWEBNAC.txt,nacimientos\nac_mayo2026_22_28\MOVWEBNAC.txt,343f4975aaaacf9ff31228338c215f73134efabbe8ce8aea13309653cae57618,2026,5,22,28,latin-1,SCHEMA_FALLBACK_AFTER_UTF8_FAILURE,281,281,281,2020,2020,0,0,0,ALREADY_PRESENT,ALREADY_EXTRACTED,INSPECTED,2026-09-06T00:06:47.973131+00:00,1.0,OK
1.0,nacimientos,,https://www.tse.go.cr/descarga_movimientos.html,nac_mayo2026_29_31.zip,nacimientos\movimientos\2026\05_mayo\29_31\nac_mayo2026_29_31.zip,0df9b4be68589339c1dae6497e2dc9040d9348378bf82f598a4420c514e23bd0,60571,MOVWEBNAC.txt,nacimientos\nac_mayo2026_29_31\MOVWEBNAC.txt,f1e1fdf92e34e41eca0e08d23a85cbf2d3cf507519374194896cfbf78019430e,2026,5,29,31,latin-1,SCHEMA_FALLBACK_AFTER_UTF8_FAILURE,281,281,281,733,733,0,0,0,ALREADY_PRESENT,ALREADY_EXTRACTED,INSPECTED,2026-09-06T00:06:47.981550+00:00,1.0,OK
